0.0,0.0,0.0,0.0,0.0,0.0,0.0,0.07047494627812108,0.06654320005499242,0.0,0.08946656813809412,0.13689195864125792,0.16380861297545513,0.6243160815479336,0.8596606090997304,0.9737588969425417,1.0,0.9441518969552358,0.7933344047774394,0.4948603982645838,0.07739382181100807,0.0,0.07027922232392848,0.06542210520137368,0.0,0.0,0.0,0.0,0.0,0.0,0.0,0.0,0.0,0.0,0.0,0.0,0.09316360907100234,0.12172619931291104,0.09664220187655163,0.07875598137956966,0.10251349926778501,0.1069468378826907,0.09490403005852525,0.0,0.0,0.14695998793970994,0.43011754618187964,0.7651975841601174,0.9334581596180324,1.0,0.9801407872355389,0.8694260136107738,0.6363448977325952,0.16836557301265068,0.15014086349697456,0.12902058347390272,0.07637591642834064,0.0,0.0,0.0,0.0,0.055431880206472876,0.0727268895837035,0.0,0.0,0.0
0.0,0.0,0.0,0.0,0.056182329834043025,0.0,0.048997375563930363,0.05689513852336961,0.054905139949392265,0.06919533922657409,0.13698994656633398,0.14375052090477977,0.11872533736629412,0.6194796169151009,0.8564458179863333,0.972130344741501,1.0,0.9461387528417804,0.7982854806274148,0.5038348642675804,0.0,0.0,0.0,0.0,0.0,0.0,0.0,0.05517553399286397,0.059714936426875476,0.059545168882088974,0.0,0.0,0.0,0.049733676882024035,0.0,0.0,0.07121245032064791,0.08413427407818111,0.05776201966831056,0.0,0.0,0.05883246052101082,0.0,0.0,0.10804803319862424,0.15767591920732482,0.4456144685203968,0.7713640106983166,0.9357044534969268,1.0,0.9790106163395941,0.8681340662576545,0.6365342127306001,0.12258804720406248,0.0,0.0,0.0,0.0631319374164344,0.09484250064940229,0.05298654726511719,0.0,0.0,0.0,0.0,0.0,0.0
0.0,0.0,0.06925568575723942,0.09930097054232524,0.10436257066871955,0.07074289511118181,0.0,0.0,0.0,0.05128028434604518,0.09085865812748159,0.10963230550887387,0.1286087674659412,0.6247770039466584,0.8590662334588112,0.9731120347128726,1.0,0.9455174753492771,0.7972268744101445,0.5022690463490214,0.060680947509986136,0.0767916169820689,0.10303743968306515,0.12229532639695835,0.13533456422124937,0.08059171548709647,0.0,0.0,0.0,0.0,0.0,0.0,0.0,0.0,0.0,0.0,0.0,0.07754545772680345,0.05152381353136822,0.0,0.0,0.0,0.0,0.06516559991086528,0.09960727923309359,0.0,0.42123721501721684,0.7630278310073477,0.9324469467555292,1.0,0.9818784494161211,0.8742721879556496,0.6479491094706015,0.1705611060143617,0.06791853713942944,0.09901655359726454,0.11064509436355574,0.12493540097116297,0.12188731342669412,0.08754249891836831,0.0,0.0,0.0,0.0,0.0,0.0
0.0,0.0,0.0,0.0,0.0,0.0,0.0,0.0,0.0,0.05101024205374267,0.05597122121502988,0.0,0.04649815605383313,0.6234356447137696,0.8590996821368919,0.9733741858825221,1.0,0.9449065967380622,0.7956235601025439,0.5003283361932377,0.0,0.047740570952897146,0.04865148914009942,0.0,0.07489851664035388,0.06988249513296473,0.0,0.0,0.0,0.0,0.0,0.07332645015406311,0.07914385919677376,0.0,0.0,0.0,0.0,0.0,0.0,0.0,0.0,0.0,0.0488235240863933,0.0574925858224913,0.0656771734876125,0.0,0.4184129563551018,0.7587773896290467,0.93022768786496,1.0,0.9844273203231569,0.8805640323667122,0.6622754297509255,0.18509953832467738,0.11152664283249024,0.09275459992535968,0.07188316471271777,0.0,0.0,0.0,0.0,0.060095056113840015,0.05659518594275036,0.0,0.0,0.0
0.0,0.0,0.0,0.0,0.0,0.0,0.0,0.05033724470358477,0.0,0.04836775878922128,0.0,0.0,0.14017609020608363,0.6319653875008702,0.8616238557560504,0.9737752307111518,1.0,0.9452944530988637,0.7945998868453547,0.46995659474440205,0.24634132548335766,0.09125856594645033,0.0,0.0,0.0,0.0,0.0,0.0,0.0,0.07148800858691479,0.11255512366306838,0.09553818261316395,0.0,0.059135050997824706,0.0,0.0,0.06422450323024842,0.08171997886195062,0.0,0.0,0.0,0.0,0.0,0.0,0.0,0.08064375731395627,0.41752668637869705,0.7553242338925865,0.9306519150002499,1.0,0.980140991195974,0.8677653617755308,0.6402033496079277,0.33051259521407195,0.0670907438188394,0.0,0.06786720116252855,0.08956238342424945,0.0,0.0,0.07830690919710953,0.0998668377120292,0.07238230531208961,0.0,0.0,0.0
0.0,0.06454738473331165,0.06495981645869443,0.0,0.0,0.0,0.0,0.0,0.04986449839948259,0.05885633038009347,0.09045724881956152,0.14311654120820022,0.3198643419072521,0.6178600745766485,0.8595118858526409,0.9741329332923289,1.0,0.9442028474376215,0.8030971245517666,0.6206168163278674,0.5230571476482572,0.4081211808992198,0.27078620991607244,0.16487938689174197,0.0,0.0,0.0,0.0,0.08862376100874678,0.07698763822729503,0.0,0.06738128770683728,0.10965503571314571,0.0,0.0,0.0,0.0,0.0,0.0,0.0,0.0,0.0,0.07571064712467027,0.12419885119460969,0.29470865058835993,0.42267431309349307,0.5105544117324591,0.7394591877869948,0.925592257900995,1.0,0.98006831629517,0.8643187269208674,0.6919893287090895,0.5738579561148341,0.4056014734308902,0.22304899461516867,0.12499246109105107,0.09972631619243694,0.057808392243794755,0.056058701206280634,0.052588539485751956,0.0,0.0,0.09540897625075592,0.10253346281583799,0.08467991185221939
0.0,0.06842812022457574,0.08325442275225846,0.0,0.0,0.0,0.0,0.0,0.14420432421029405,0.2386520295284115,0.3236868355788347,0.38295464292222725,0.36022263454158077,0.5910110732683798,0.8524816513772551,0.9715670593601775,1.0,0.9483130352824178,0.8380210343543616,0.7588138235256101,0.7020026722675538,0.6503441073636591,0.5645243566705022,0.4778494950956038,0.42727848768412835,0.3660881571229287,0.23903119222042074,0.06618127833688814,0.0,0.0,0.0,0.0,0.0,0.0,0.0,0.08435303350605962,0.11726608626920376,0.12208540017866515,0.21378204691011393,0.3502325666506704,0.46816214867295586,0.5615039650980381,0.6051974904282547,0.634685301505749,0.7590977976183022,0.9010069811539164,0.9591479941993298,0.9235113413981139,0.6073161467253523,0.9873653990807107,1.0,0.9019738410449017,0.8475582417897791,0.7656311969364197,0.600586990505026,0.39529924270556055,0.3165297544274301,0.2718864559262891,0.19304177112252785,0.11309274403332013,0.1019905325574843,0.08800197691232933,0.0,0.0,0.0,0.0
0.0,0.06527778479836643,0.0,0.0,0.0,0.0,0.0,0.12271860108992437,0.1812697017300827,0.2630845731155648,0.3461119947697546,0.4054839966414355,0.44422848991779584,0.5781934752248727,0.8479551234978298,0.9688792945052137,1.0,0.9429915392993247,0.6687640222540338,0.822504693345819,0.784222289219918,0.6787042644728952,0.5513437799820624,0.49491227576811087,0.5171279976778279,0.46982220331222063,0.3289816187033652,0.2481442129188772,0.23245061117120822,0.21100189844522696,0.17776364194344083,0.0998461734744958,0.0,0.0,0.050111662191290686,0.1266373148830641,0.18928386486630788,0.23776340588910214,0.25266873881292906,0.2774467739182285,0.3600236802895101,0.44277826923520747,0.4788110199117586,0.57423778832854,0.6973216102478625,0.8016023030901851,0.8628188461870681,0.9125325876317665,0.972423556266316,1.0,0.9628874138442406,0.8344599026511191,0.6485164841852414,0.620927738412581,0.5515974090059791,0.4573137515479379,0.31207809628233,0.17850553987780635,0.12318180641306256,0.10937724748827984,0.10827124516176709,0.0,0.0,0.0,0.0,0.0
0.0,0.06046974297139367,0.0,0.0,0.0,0.0,0.07027536143775318,0.17957713458554406,0.2545440732097531,0.2864301791953881,0.29083421273623367,0.4135500924448304,0.5823450571516049,0.6698944728900111,0.841800139676207,0.9646659093552105,1.0,0.9658504717983863,0.8895150662743438,0.8172909647723575,0.740441373580439,0.6151152221311115,0.5448932691401163,0.4937772074799988,0.40903821356809983,0.3699698270944495,0.2934507112840699,0.18156204927681033,0.12933117315336964,0.0,0.0,0.0,0.0,0.05848497819284759,0.0,0.0,0.0,0.08050309472399497,0.10606237897719341,0.2935108630534324,0.3424396174439669,0.4016727543063581,0.49827213609628235,0.6557550735286238,0.7820214019082188,0.8345938457973838,0.7992637983798634,0.7116962716530337,0.901900370668584,1.0,0.99399042005011,0.8991657438736357,0.7333574732137839,0.5722009095795911,0.3922839685048433,0.28379967388205746,0.23990871798587582,0.25395159478096635,0.209826950518929,0.12619040196983478,0.11060554692072587,0.08718285961498409,0.0,0.0,0.06553276762876227,0.0
0.0,0.0,0.0,0.0,0.0,0.0,0.0,0.0,0.0,0.10364756292145208,0.14239184592624707,0.12367342442944976,0.4426415481184518,0.7129776241848585,0.8990061619751767,0.988889519715848,1.0,0.9428761002468263,0.8267028633619306,0.6521263020022072,0.55786088762291,0.285644103108797,0.3302286714771979,0.2517089240433029,0.09997014014039914,0.06743936990950694,0.08371245471133508,0.0,0.0,0.0,0.0,0.0,0.0,0.0,0.053344560081012404,0.0,0.0,0.0,0.0,0.0,0.0,0.1425605725680793,0.2868159383800417,0.4170136977660857,0.4984500052760881,0.6033366858697538,0.7093871082328697,0.8222786506699998,0.9374200330325358,1.0,0.984253436594939,0.8812006250964468,0.677319268028332,0.4005192669133435,0.15556797245190154,0.06152017446239451,0.06569032212694519,0.06527146225250131,0.0,0.0,0.0,0.08941832555165483,0.0,0.0,0.0,0.0
0.0,0.0,0.0,0.0,0.0822358033509247,0.0,0.0,0.0,0.0,0.05559268865335552,0.10674877180211945,0.14213081165661542,0.29754058044699766,0.6195787271797419,0.8571390673271422,0.9753048563601147,1.0,0.9346519561595916,0.7761343352499612,0.6504056728711608,0.49318152751623734,0.2862609584733952,0.0,0.0,0.0,0.0,0.08011271957041383,0.06871271583301812,0.0,0.0,0.0,0.050195689001377455,0.06219504341801045,0.0,0.0,0.054562026238041815,0.0,0.0,0.0,0.0,0.0,0.0,0.0,0.11472876919695614,0.20474838212519406,0.18941294118502708,0.534681102486624,0.7775688573663634,0.9332781874123951,1.0,0.9814527989504378,0.8723214603724224,0.6462422629111875,0.24650031148781032,0.10815924784318447,0.0,0.0,0.0,0.07208429980934168,0.06444331430261518,0.0,0.0,0.0,0.0,0.0,0.0
0.0,0.0,0.0,0.0,0.0,0.0,0.0,0.0,0.10756007752014725,0.1975493188989481,0.20620839416882036,0.24307769269920962,0.4730451766767978,0.6783363086052304,0.809726970656443,0.9411945974553881,1.0,0.9608886059807296,0.8176667063050869,0.582065371820688,0.3841477160122793,0.23499988910979083,0.09295167458566324,0.05837695835004203,0.0,0.0,0.0,0.0,0.0,0.0,0.0,0.0,0.0,0.07923525761922826,0.0548125798963085,0.0,0.0,0.0,0.06296673052565327,0.0,0.0,0.0,0.0798399024970348,0.2027650249174444,0.2645567742326623,0.37645893979317824,0.545745032575411,0.7008675703366168,0.9216865971548168,1.0,0.9849100797575917,0.877999236441839,0.6544177099017069,0.28282169806976787,0.13079849331882343,0.0,0.0,0.0,0.0,0.0,0.0,0.0,0.0,0.0,0.06576467170102768,0.0
0.0,0.1662182864705795,0.2448529400598664,0.32113141449823157,0.365907401736298,0.2619943956987683,0.4247575471311161,0.5469151622090712,0.6055068638562541,0.63353933113064,0.6541153278321555,0.674403376142106,0.8492760653638477,0.9335223530327185,0.9728973447332508,0.9977694710935964,1.0,0.9457524810345197,0.7957409145882295,0.4774592454809646,0.44176165562007463,0.19407066547963014,0.0,0.05543256291084744,0.0,0.0,0.07379972681361725,0.09514267124277835,0.08809409556199323,0.05185093002238745,0.0,0.0,0.0,0.0,0.0,0.0,0.10218903672592693,0.15551338386509828,0.20088011465964978,0.1778364043833551,0.21315902596637876,0.35672296789268093,0.4247566935095428,0.4493047580756693,0.41767824871535875,0.4006234403184449,0.7012764582212355,0.8697371250276726,0.9647655021193768,1.0,0.9697020224713152,0.8622107168542755,0.6603626429886673,0.4143780829769697,0.3293491198547886,0.22951154692821166,0.08208309983329139,0.0,0.0,0.0,0.0,0.0,0.0,0.06360079930484004,0.05980418621214612,0.0
0.13131230738045724,0.24326825135747857,0.30036022453180894,0.3360221953217914,0.2625769952237765,0.3880301670899743,0.5016903821526897,0.5673201141836753,0.6136016678791378,0.6384774683677332,0.7366508716964101,0.8373868099942373,0.8704748885045608,0.8530937404490859,0.8826131074714753,0.9700790225483135,1.0,0.9535690168992103,0.8226616249632752,0.6049310134797435,0.38235929920983086,0.0807486026175608,0.0,0.0,0.0,0.0,0.0,0.0,0.0,0.0,0.0,0.05022170946328916,0.05103808434514795,0.0,0.0,0.0805499381681105,0.0,0.0,0.15988240463328113,0.3078572065822191,0.40806205911117144,0.47544861643005554,0.4964121693673979,0.4981575350545395,0.5596121328113992,0.5693857477656454,0.6660996715918591,0.7504426794383984,0.9160573075417746,1.0,0.9887079866119758,0.8823654337530487,0.6717399710231736,0.45589965323269754,0.33361806802906285,0.19342511670655063,0.13142401936330222,0.10284868082394576,0.0,0.0,0.0,0.0,0.0,0.0,0.0,0.0
0.0,0.0,0.0,0.09048804406645243,0.1818681159123957,0.2052749924870387,0.3771126247656256,0.45351401602817315,0.5250661343651524,0.5217101925304587,0.5610087969561168,0.7409365961239504,0.7827892344001449,0.803388074375809,0.8436360611253905,0.9586673709018559,1.0,0.947658164910048,0.7935739923340666,0.5211841613686677,0.3893768633117688,0.29792049240892243,0.18172832825941423,0.0,0.0,0.0,0.08817962758430903,0.08848934380425436,0.0,0.0,0.0,0.0,0.0,0.0,0.0,0.0,0.0,0.116670057152286,0.2161532548038309,0.3295872624624478,0.4430901077019433,0.49744585614628595,0.5035498910155288,0.5796054968027661,0.6903902494148317,0.7430545182902691,0.7526538233200059,0.821942715007993,0.9407970512641082,1.0,0.9780703638283655,0.863128559528789,0.6031947330928967,0.4037398425112278,0.31766343185430135,0.21908247365293707,0.15897933821151344,0.07100908620100978,0.0,0.0,0.0,0.0,0.0,0.0,0.06705351232409898,0.06629975082495851
0.0,0.0,0.0,0.0,0.07205777735867115,0.1042695421012062,0.12991341867526232,0.23893499274406105,0.3185496527886429,0.3859137786647437,0.5852933699869456,0.7242934868480301,0.787048222089334,0.7822199358600297,0.860973551142935,0.9751188160079375,1.0,0.9400053917248922,0.7771584948776259,0.3839060317623631,0.30389145726793626,0.17163796881462282,0.14198748191384822,0.0,0.0,0.06545583153920398,0.08407766300582967,0.0,0.0,0.0,0.0,0.0,0.0,0.0,0.0725901243788166,0.07434989221183341,0.0,0.0,0.0,0.07309784423131092,0.12892839611579018,0.0,0.32515059150489206,0.4673499419734125,0.5322022177496437,0.6422238300905744,0.6638215814326603,0.7595277431030034,0.9393785641515345,1.0,0.9760615312616924,0.8636354815146289,0.6370413135506089,0.18175088164652695,0.15488475907132435,0.0,0.0,0.0,0.0,0.0,0.0,0.0,0.0,0.0,0.0,0.0
0.0,0.0,0.0,0.0,0.05951908621782967,0.0,0.0,0.0,0.0,0.0,0.07968905942260995,0.16492189263149054,0.2942401541616838,0.6580857666777846,0.8700825014413913,0.9763011424391663,1.0,0.9449441705853834,0.7983589268943673,0.5102962100174687,0.12199513443330573,0.05054649912635639,0.0,0.0,0.0,0.0,0.0,0.07182004870684644,0.0,0.0,0.0,0.0,0.0,0.05093808273054342,0.09972451380657127,0.10029332417014133,0.05549188987254978,0.0,0.0,0.0,0.0,0.0,0.07640520138493248,0.07115736318861828,0.11101559435792717,0.2820467554919511,0.4558783336317119,0.7785787530429005,0.9389472202790604,1.0,0.97595562900777,0.8613263721206839,0.6224591664305729,0.05872232722593853,0.12303326543194025,0.07102805468818792,0.0,0.05914719329775268,0.08419301050751296,0.0,0.0,0.0,0.06964050553854746,0.050864398963796784,0.0,0.0
0.0,0.0,0.0,0.0,0.0,0.0,0.0,0.0,0.0,0.0,0.05467805586106884,0.13851103707110995,0.24719399319423507,0.6134072706756669,0.8551891811329166,0.9717384258431001,1.0,0.9459281048745654,0.7979313676084121,0.5945008701403064,0.4007162501516357,0.14198729575317437,0.0,0.0,0.0,0.0,0.06999664737885694,0.09845587562429213,0.09226560191329711,0.06964247295438689,0.0,0.0,0.0,0.0,0.0,0.0,0.0,0.0,0.05048811042865147,0.08984890913288687,0.1108855276104455,0.050595611496936074,0.0,0.0,0.08045680367665953,0.056512935807616425,0.495521427457336,0.7775805070140055,0.9361158689788638,1.0,0.98154477056372,0.8820771165833221,0.7052562136547976,0.4822082096191446,0.24002178144678293,0.0,0.0,0.0,0.0756321972651085,0.06076385336809029,0.06261322220593878,0.06234281992456063,0.057468655201604595,0.08014648269796514,0.0,0.0
0.0,0.0,0.0,0.0,0.0533031679331787,0.0,0.0,0.0,0.0,0.0,0.19318400267748026,0.252141078759098,0.23401677602154813,0.616017020062154,0.8573554354313315,0.9739110084239393,1.0,0.9391376064722898,0.7765731006474823,0.6371845809676501,0.44171253512298714,0.1970303152673893,0.14840246671357213,0.05869643260842276,0.05328684230202003,0.08280392239475465,0.0714684013946615,0.06342143456772828,0.07298080163445517,0.0,0.0,0.0,0.0,0.0,0.0,0.0,0.0,0.0,0.0,0.05844388704282711,0.05765453681750194,0.08537158460549005,0.08842396469523257,0.051837272483818926,0.1773848691023848,0.33772022151062897,0.3957090839771805,0.7388068808471346,0.926042232489454,1.0,0.9870892207011852,0.8943615439404391,0.7608291241459346,0.6793314408420507,0.5769658069659348,0.3776792235399033,0.0,0.0,0.0,0.0,0.0,0.0,0.0,0.0,0.0,0.0
0.0,0.0,0.0,0.0,0.0735266156419556,0.141877105351057,0.2003347913902408,0.2504038014970557,0.3378008748029508,0.3985400706108344,0.45609514142361596,0.5837932384999434,0.6702009657369906,0.7417513887311511,0.8741651646212929,0.9765826069260091,1.0,0.9438826290817558,0.8050059105187195,0.6069532091533456,0.4315456997224606,0.28709298431819696,0.2718472027010471,0.22549304339934673,0.09817114852831473,0.0,0.0,0.0,0.05575005009266204,0.04958398659136981,0.053720429911825095,0.0,0.06759725316807484,0.0,0.0,0.062220432462036526,0.0,0.0,0.0,0.0,0.05482691785332679,0.14517841673876203,0.16596866902403265,0.2774107993687737,0.34095227110027476,0.45695447479373436,0.5293276062876463,0.748726449552609,0.9303749383940021,1.0,0.9849731497919366,0.8853789825167332,0.6169723187609675,0.6884254102939812,0.6486832487386716,0.5056401041677778,0.41522528127936503,0.21707082841341985,0.258945036587637,0.23128383567819433,0.19104429288697408,0.07042764869908831,0.0,0.0,0.0,0.05785367903475127
0.09399421338519731,0.1338547132020251,0.1485991465717234,0.1264633488515249,0.2027031451877149,0.2660727344678452,0.2720054678140017,0.2773847966356665,0.2848047293402914,0.4667863950793316,0.5039894105031705,0.5165194774046233,0.5949492852102419,0.6225967376853009,0.8286012746118785,0.963118492189628,1.0,0.9516655909064469,0.8103051632197453,0.5412803743852164,0.44881859112780237,0.40693672582047946,0.3899414374815211,0.3455070050916998,0.23920979042431534,0.07631279002950964,0.0723870904321874,0.11209447583618211,0.06254173661687625,0.0,0.0,0.0,0.0,0.0,0.09527932517236706,0.1063083890957674,0.08002574563873564,0.061934291464512015,0.0,0.09355734076771792,0.09963342605051817,0.21559741556104386,0.30802150383593674,0.3284130544674513,0.35409929504088566,0.4164067752741649,0.5030295476999694,0.7592419597588326,0.9298731068148549,1.0,0.9799369214305429,0.8607769518850888,0.8159728433684347,0.809501583183502,0.7283806883049355,0.5911615441318444,0.5295576891993298,0.41874574472159204,0.14759009665405343,0.2712457887236885,0.2524544953965384,0.1950969135583265,0.18004419282875644,0.11044270668203347,0.0,0.0
0.0,0.0,0.0,0.0,0.0,0.05683530370768538,0.1458263789007143,0.27929930300872174,0.3441284967341001,0.4232247732865495,0.5458082118331142,0.6451986823097003,0.7215087448662573,0.7800990253085643,0.8776169633219022,0.9740813721488049,1.0,0.945389798248914,0.7931898722986567,0.46086941427476497,0.4468324620747746,0.44106290702652046,0.3925986134617465,0.26770312954877346,0.0,0.13089101073987888,0.0,0.07103356541921811,0.10904892977644674,0.06468193669029924,0.0,0.0,0.0,0.0621037311738755,0.0,0.0,0.0,0.0,0.0,0.0,0.0,0.08670629333780283,0.261637510993714,0.3356503900836168,0.2756621715326476,0.46161101801728044,0.5593493282967922,0.7316157544650287,0.923233979678106,1.0,0.99293360438543,0.906034933646272,0.723486836991551,0.6513246327313676,0.626761926304071,0.5370364738017068,0.3958029063790533,0.29289173750260883,0.29532022574276373,0.2314228696041353,0.16187197140555395,0.09406090210996455,0.0,0.0,0.0,0.08607288878835005
0.0,0.0,0.04796139382984606,0.0630218384236478,0.051192208339527374,0.0,0.05887337155236132,0.06346243515493778,0.12673953075878724,0.24287569751523225,0.2863573602724658,0.37935805800913414,0.5559842434470733,0.6365825396728105,0.8569929966436367,0.9734448608046715,1.0,0.9458053196650745,0.7989328509113156,0.5044438166171507,0.3070171079820646,0.19677470321950516,0.2521828434354308,0.173536918546475,0.0,0.050144666242253534,0.0,0.0,0.055058206151993944,0.061642271696939345,0.0,0.0,0.06066305292179151,0.0,0.0,0.0686319711470875,0.0837023336497021,0.05696369862053561,0.0,0.0,0.0,0.0,0.0,0.0,0.17051801503591807,0.39355336356556997,0.5330830374766066,0.7659193434122141,0.9312583820275707,1.0,0.9834073416389809,0.8822886880944903,0.674951003651274,0.5739093860168547,0.5256767132403358,0.38915855324448184,0.2913452854218205,0.1701361536057523,0.16318241906686942,0.13347707802095518,0.0,0.0,0.0,0.05195662555301546,0.07468934962695944,0.05655469626824962
0.0,0.0,0.0,0.0,0.0,0.0,0.0,0.0,0.0,0.0,0.0,0.07796311623959971,0.2990402796909355,0.6503832879567792,0.8659587247573043,0.9744738367027845,1.0,0.9469751292198723,0.8038184463661957,0.5281763641398141,0.15087151063278403,0.0,0.0,0.0,0.0,0.0,0.09634542043394732,0.1458061669801398,0.1333636871391368,0.053226353656575534,0.0,0.0,0.05551748220302457,0.06670141450741439,0.0,0.0,0.0,0.05053703314274811,0.0,0.0,0.0,0.0,0.0,0.0,0.0,0.10246761243829783,0.4008970631755661,0.7598514556545664,0.9315657723392995,1.0,0.9828296333031438,0.879183750457535,0.6750407104463839,0.3843686730007605,0.19869153995363817,0.1418569267506635,0.11268363980774466,0.07618907117642458,0.053839427862640926,0.0,0.0,0.0,0.056542596976122426,0.052533746944638034,0.0,0.0
0.0,0.0,0.0,0.0,0.05229246670122794,0.053426568506517134,0.0,0.04937045762499703,0.0781281919759907,0.0,0.0,0.0,0.1553675636037719,0.6301039980581625,0.8633990153328007,0.9760387567742957,1.0,0.9404635793182863,0.7843914986969489,0.5027714667257729,0.20079896359721142,0.0,0.0,0.0,0.0,0.0,0.0,0.0,0.0,0.0,0.0,0.0,0.0,0.0,0.0,0.0,0.09507614148402956,0.11771608552086735,0.10447201123400261,0.08152603915167028,0.0,0.0,0.0,0.0,0.0,0.12199711737675036,0.43234403044055425,0.759279813484438,0.9292050469088782,1.0,0.9881283233100252,0.8923519560413772,0.6957758783626135,0.4212169193715723,0.18862506949114513,0.0,0.0,0.0,0.0,0.0,0.0,0.0,0.0,0.0,0.0,0.0
0.0,0.0,0.0,0.0476433322096154,0.054871877543853545,0.0,0.0,0.0,0.0,0.0,0.0,0.0,0.23493085709360648,0.6099785287120111,0.8551534386407691,0.9722308467192963,1.0,0.9458415756293278,0.8070955517992061,0.6619463088090184,0.505812876544839,0.2955884577982518,0.11602328231472338,0.0,0.0,0.08492133397100482,0.09179467909943033,0.0,0.0,0.0,0.0,0.0,0.0,0.0,0.0,0.0,0.07454771871021226,0.09223895007165078,0.09011265292042572,0.09347010978060956,0.0,0.0,0.0,0.0,0.0,0.24852619238750584,0.452058809919926,0.7513705414534325,0.9312821222305199,1.0,0.9910491037874715,0.9435763767187988,0.863793861268519,0.6946034892679751,0.498682046671695,0.4757495091843403,0.3165207174240805,0.0877807908408845,0.13717897935098164,0.13555899696898227,0.12101348818037297,0.09602475054705102,0.06388234477007723,0.0,0.0,0.0
0.0,0.0,0.0,0.0,0.0,0.0,0.0,0.0,0.0,0.0,0.059336162945880094,0.12656830859596482,0.29877981992774116,0.6265699085328194,0.8534404974342543,0.9689084378557993,1.0,0.9563964052974083,0.8542429037844705,0.7674709593353093,0.6928409680978431,0.5699836056454761,0.42627142265599693,0.3204030404996463,0.24080199346727624,0.1701220598576117,0.11363970945331624,0.06675197659307325,0.0,0.0,0.0,0.0,0.0,0.0,0.0,0.0,0.0,0.0,0.0,0.0,0.0,0.0,0.0,0.09393466894093515,0.16520329395795216,0.34023298016434633,0.575244808189661,0.7747676695096435,0.9300281378277417,1.0,0.9978557519127139,0.9497100378730439,0.8924190385785177,0.8206897818116083,0.7074183881172671,0.6069923177635376,0.586959599684127,0.5184111470161169,0.3654767006583152,0.1326928755108204,0.17501312504234942,0.11345378239637965,0.07238607404564287,0.0,0.0,0.0
0.0,0.0,0.05285865245457501,0.0,0.0,0.0,0.0,0.0,0.07472823151882439,0.05227414294379256,0.15760077914300544,0.34275452666519524,0.47109111076504007,0.5250905739905769,0.8346465999724965,0.9632657954675735,1.0,0.9601534947761776,0.8435747462809196,0.7148296540805201,0.709958001626079,0.6176868995049442,0.3340424693005216,0.40773871075005513,0.3703599778679645,0.29043729062788615,0.21638524086058805,0.1734291739540962,0.10968567994763723,0.0,0.0,0.0,0.0,0.0,0.04969489352928523,0.058855936616673994,0.0,0.0,0.0,0.0,0.0,0.11251616311853098,0.2092296436707688,0.2504408092707413,0.3394711577508448,0.47741963752134015,0.592845797677426,0.7375979564514841,0.9227734349651968,1.0,0.9978335370987005,0.9167187700923263,0.7154067990805059,0.5389248489010708,0.5957740110748808,0.6367114750942215,0.6515952680613506,0.6037433193141399,0.5052816016866392,0.3829812655805215,0.18845717879168628,0.18546426406877567,0.19910333537973735,0.14366969942149685,0.0,0.0
0.0,0.0,0.0,0.0,0.0,0.0,0.0,0.0,0.0,0.05480805058762498,0.10184264795874513,0.2609463025917212,0.4089695225397345,0.6517631968623621,0.8593024547540965,0.9705982252231963,1.0,0.9489550708711036,0.793136701940122,0.5265501596121663,0.5324796245860766,0.5445663717017825,0.48713174013214466,0.41153139856034565,0.3090776507914094,0.22000630169954488,0.20726894284801725,0.1713667921197282,0.09287107850313156,0.0,0.0,0.07809353891793626,0.07572576923475098,0.0,0.0,0.0,0.0,0.0,0.0,0.0,0.07415657608109812,0.10064871106798541,0.0,0.16970819195894274,0.2856078646204233,0.44706991998984325,0.6082579464195303,0.7124292768749885,0.8832082830832924,1.0,0.9936010305972325,0.9243997355373159,0.9008323261280708,0.8328036112501379,0.781148610803967,0.7145890241391867,0.5977547752293767,0.45502656826085175,0.31626871812583907,0.39033225161901697,0.3553085810612287,0.29949061635159663,0.24586092385515715,0.17242892253294417,0.0,0.0
0.0,0.0,0.0,0.0,0.0,0.0,0.07290080192002431,0.08601377882727503,0.0,0.0,0.0,0.08679500835735028,0.3062789138694132,0.6185502600807034,0.8589107469705174,0.9735318231740474,1.0,0.9466316658727794,0.8124817731858603,0.6335240836372413,0.47785248210077963,0.3484980361950443,0.23265962061401652,0.13262372850795554,0.0,0.0,0.0,0.0,0.0,0.0,0.0,0.0,0.0,0.0,0.07225629293457081,0.0,0.0,0.0,0.0,0.0,0.0,0.0,0.0,0.0,0.15628772737228155,0.2691089310997062,0.4832166930636014,0.8023293413566701,0.9574319347181813,1.0,0.9267581664042511,0.6380420853620664,0.746907395125968,0.6046428917953317,0.6105032144308067,0.5457359953730004,0.34948363186757314,0.22920996526799328,0.2284461604518497,0.1449064037246532,0.0,0.0,0.0,0.0,0.07577536706189564,0.06521733495792945
0.0,0.0,0.0,0.0,0.0,0.0,0.0,0.0,0.0,0.0683350447193194,0.08233313612155835,0.08643009444610765,0.0,0.6188991625295938,0.8559619849740234,0.9713322292679626,1.0,0.9485178328304623,0.8061563942940033,0.5310159614529203,0.06647403992549172,0.0,0.0,0.0,0.0,0.0,0.06054881085665292,0.07511692154596868,0.0,0.0,0.05874234227083109,0.0,0.0,0.0,0.06824751871328599,0.053437558497217416,0.0,0.0624918749842306,0.0,0.0,0.0,0.0,0.0,0.0,0.0,0.0,0.4010595911567877,0.7558677031646223,0.9294423397235902,1.0,0.9846550597140007,0.8801098781914007,0.6587862203579484,0.24769834925013087,0.11500510973455412,0.0,0.0,0.0,0.0,0.0,0.0,0.0,0.0,0.0,0.0,0.0
0.0,0.0,0.0,0.0,0.06538062231377968,0.06676388770855127,0.0,0.0,0.0,0.0,0.0,0.0,0.0,0.6229290438754672,0.858537152756345,0.9726708764855925,1.0,0.9466960297185,0.800820744615463,0.5136705220367273,0.07632669930454587,0.0,0.0,0.0,0.06084675752251318,0.0,0.0,0.07455655099235894,0.07969048853715124,0.0,0.0,0.0,0.0,0.07405528146514388,0.0,0.0,0.0,0.0,0.0,0.0,0.0,0.0,0.0,0.0,0.0,0.054528865870224805,0.4206657329924419,0.7675659412094262,0.9342638827038947,1.0,0.981201491522663,0.8739298813299458,0.647950231859769,0.1377454247618316,0.0,0.0,0.0,0.0,0.0,0.05340393273469362,0.0,0.05960652225115949,0.05510318798010908,0.0,0.0,0.0
0.0,0.0,0.0,0.0,0.0,0.0,0.0,0.0,0.0,0.0,0.04863814816606461,0.09914545060437611,0.17954709441225716,0.635599600863716,0.8631087876849303,0.9742265885578173,1.0,0.9458531297114892,0.7992130317903587,0.506311072171643,0.09846920548001391,0.0,0.0,0.0,0.0,0.0,0.0,0.0,0.054922086115671245,0.0655142960030759,0.0,0.05072087728945077,0.07306912476175076,0.07414097978078113,0.09630448615858304,0.100203865218165,0.10525587602380614,0.08615185240198475,0.0,0.0,0.0,0.0,0.0,0.0,0.0,0.05028620496693195,0.4551850264488239,0.77627242546853,0.9369490020981452,1.0,0.9800548624002534,0.8727425053077414,0.6476447565314811,0.0,0.08392470607009443,0.0,0.09775529843518245,0.12396969814987824,0.08578573927319585,0.0,0.0,0.0,0.0,0.0,0.0,0.0
0.0,0.0,0.04801022486757285,0.0,0.0,0.058719575378855,0.07331136337973276,0.0,0.0,0.051120534306697656,0.1267319834577443,0.14572951697890327,0.17198416452005202,0.6305336392033105,0.8613457193309256,0.9737039552169765,1.0,0.9459365564561452,0.7990100245411129,0.50364788874191,0.1230478656842106,0.09456775353192583,0.04900929372598794,0.0,0.0,0.0,0.0,0.0,0.057006933730817354,0.0,0.0,0.0,0.0,0.0,0.0,0.0,0.0,0.0,0.0,0.0,0.0,0.0,0.0,0.0,0.0,0.11874250011385921,0.43714459665515154,0.7732872664088816,0.9363821061275734,1.0,0.9795182476854026,0.87065449799106,0.6436292709586104,0.1844438326005753,0.0,0.0,0.0,0.06385516737241996,0.09543233200687173,0.05581923780372352,0.0634958644973316,0.08286917712279979,0.09856554387619919,0.08639428615431592,0.0,0.0
0.06563254757496204,0.10377122240477495,0.07452246871908233,0.0,0.0,0.0,0.0,0.0,0.0,0.0,0.0,0.07552313926948181,0.0,0.6296451686994751,0.8614547300381414,0.9739334069808766,1.0,0.9452928838526895,0.797068132617718,0.5015655600649329,0.0,0.0,0.07390176829848379,0.08933541498060887,0.06854195779571144,0.0,0.0,0.0,0.0,0.0,0.0,0.0,0.0,0.04922596772498172,0.0,0.0,0.05024980324603594,0.08341688601297242,0.05208324728606195,0.054378958813809136,0.05965933840032558,0.07101097774388285,0.05350350316487064,0.08436788344043565,0.09796201574763955,0.1262893675084241,0.41438356079777666,0.7650333555765432,0.9338359849697754,1.0,0.9798939441224394,0.8693387587108233,0.6380823850317304,0.18628628423228658,0.0,0.0,0.0,0.0,0.0,0.0,0.0,0.0,0.0,0.0,0.0,0.0
0.0,0.0,0.0,0.0,0.0,0.0,0.0,0.0,0.0,0.0,0.0,0.0,0.1329249955373715,0.6276328551208873,0.860261854570907,0.9733884857053009,1.0,0.9459595723459996,0.7990621978817688,0.5100045544315802,0.09971790345911065,0.0,0.0,0.0,0.07952813180885354,0.0,0.0,0.0,0.0,0.0,0.0,0.0,0.06535862601573451,0.0,0.0,0.0,0.05147303604658235,0.0,0.0,0.0,0.0,0.0,0.07749111091010588,0.11742128427042547,0.11635504152556071,0.1201790448343232,0.42719587308486023,0.7658565920274792,0.933699904977816,1.0,0.980475480627593,0.8710250691692063,0.6417040200491266,0.1943760884032676,0.0,0.0,0.0,0.05376133805746708,0.0,0.0,0.0,0.0,0.060736221934332944,0.0681098331711377,0.08224866466296042,0.09863107081224652
0.0,0.0,0.0,0.0,0.0651175028789943,0.0,0.0,0.0,0.0,0.0,0.0,0.11698170010416023,0.1284713089195374,0.628701899538501,0.8600533291283675,0.9728554089578942,1.0,0.9474007933221039,0.8031686238548715,0.5180069631522167,0.0,0.0,0.0,0.0,0.0,0.0485302162875165,0.06577265825714666,0.0,0.0,0.05200228121382337,0.06998949542288926,0.0,0.0,0.0,0.0,0.0,0.0,0.0,0.0,0.0,0.0,0.05114045055454117,0.0,0.0541960791407744,0.09991379267330286,0.08737652444921101,0.45492780993167176,0.7719446029772414,0.9357822882825073,1.0,0.9784959243137673,0.8661855632182475,0.630094409305286,0.10760453941832937,0.07316758544167952,0.1349217121106583,0.13089361835496807,0.10382250661438985,0.07288165067587163,0.0,0.0,0.0,0.0,0.0,0.0,0.0
