0.0,0.0,0.0,0.0,0.0,0.0,0.06981976043284883,0.08208766210671051,0.07840006399327636,0.0,0.0,0.0,0.05912388735697162,0.0,0.0,0.0,0.0,0.0,0.10949633165958343,0.6193771059359398,0.8711875445302206,0.98736193458086,1.0,0.9107731657373158,0.6930138687587888,0.44824085038119554,0.25105225560398203,0.0,0.0,0.0,0.0,0.0,0.07459054492963453,0.06645253982096032,0.0,0.0,0.0,0.0,0.06711749868192016,0.0,0.0,0.0,0.0,0.0,0.0,0.0,0.0,0.0,0.0,0.060043572042349315,0.08187383404069938,0.06535031550982517,0.0,0.0,0.0,0.0,0.0,0.0,0.0,0.0,0.0,0.0,0.0,0.060734832138389094,0.4694016417073529,0.7823062166740078,0.9426827587157347,1.0,0.9717628794242614,0.8708757964445442,0.7141394650518691,0.5060963231468671,0.32690337679304465,0.15688643599096463,0.0,0.07818129723202631,0.0,0.0,0.0,0.0,0.0,0.07107701372075435,0.0,0.0,0.0,0.0,0.059365755527982116,0.07573781725072319,0.06707046604871808,0.0
0.0,0.0,0.0,0.0650059635502011,0.0,0.0,0.0,0.0,0.0,0.0,0.0,0.0,0.0,0.08157360541852834,0.0,0.0,0.11433169043980988,0.15753028255284013,0.07367887116885401,0.6217032695286879,0.8783006000583687,0.9934120532139192,1.0,0.8893267342637482,0.6921199522462568,0.7283865500853377,0.6468791576962428,0.5235786048263708,0.3421302886556374,0.22007786597249385,0.18186884661676503,0.09062533797942747,0.0,0.0,0.0,0.0,0.07564974871455973,0.08041644403249233,0.0,0.0,0.10368186193498098,0.08587343859766362,0.0,0.0,0.0,0.0,0.0,0.0,0.0,0.0,0.0,0.07849027040578385,0.10061252159462837,0.10328188898558571,0.0,0.0,0.0,0.0,0.0,0.0,0.0,0.12212937801737464,0.19877536359585427,0.2728134008564421,0.4734227993664808,0.7809393593608562,0.945914714434745,1.0,0.9564025944572784,0.818914486189424,0.8060749429620945,0.7746327320961631,0.6561977502933706,0.5367666375471583,0.45770831090881736,0.3602653516556544,0.24295347862915878,0.07540759817858074,0.0,0.0,0.0,0.0,0.0,0.0,0.0,0.0,0.0,0.0,0.0,0.0
0.09839903344203234,0.0,0.0,0.0,0.0,0.0,0.0,0.0,0.0,0.0,0.0,0.0,0.0,0.09046822590792186,0.14912235558447928,0.18331214105052002,0.2006961486612118,0.24237122840319067,0.3491642277907148,0.6115430828823455,0.8810703807897177,0.9948453445317396,1.0,0.8979924739035324,0.6231505998514147,0.7199122424025727,0.7648454414598368,0.7527228323283809,0.6630728075891372,0.5353880882799035,0.48824953994685094,0.41631815581269704,0.35228529646860784,0.29792832526877194,0.20855853933611426,0.0,0.0,0.08189634256331128,0.0,0.0,0.0,0.0,0.0,0.0,0.0,0.0,0.0,0.0,0.0,0.0,0.0,0.0,0.0,0.0,0.0,0.07353636461486192,0.0,0.0,0.0,0.07237185608651464,0.12785403145513172,0.17116430668332375,0.24475944095616184,0.36568360669802147,0.4064612578760309,0.7709824406720741,0.9435460260313945,1.0,0.9640381353766155,0.8645578033814132,0.7977266437147746,0.6243426399492246,0.6317882522242586,0.6158030751551937,0.561465309165205,0.4125403323881686,0.42300830323617167,0.4587266255237535,0.4248215542319034,0.37201036917553587,0.2923997707738242,0.19101062830994353,0.10112350261890894,0.0,0.0,0.0,0.0,0.0,0.0,0.0
0.0,0.0,0.0,0.0,0.0,0.0,0.0,0.0,0.0,0.0,0.0,0.0,0.0,0.0,0.1662150662204011,0.17452440296759536,0.25964542211754676,0.4011601500352525,0.47253206992419633,0.6732504424067918,0.8969966928877483,1.0,0.9977109268930858,0.875379094193593,0.6379684161468319,0.6227510589008304,0.6050118255978214,0.4995233492971327,0.7276457163256913,0.794398316008762,0.7834593894042089,0.705256528848346,0.5491094669006841,0.3981453328387599,0.3879239358594683,0.36008504036010575,0.34061370533145585,0.33615912965128497,0.2773347989459739,0.14320142121527768,0.0,0.07781553850553721,0.08054238322323938,0.0,0.0,0.0,0.0,0.06492710104915375,0.0,0.0,0.0,0.08123141030004784,0.0,0.0,0.10963069418191643,0.1840109329489207,0.1909438631643522,0.10859615646404518,0.08919107187995085,0.23931117903057283,0.35943774091122443,0.4372472224929256,0.4657870065684385,0.5075736729772227,0.5821908712767745,0.7384791013724569,0.942152334181314,1.0,0.9606846766396017,0.8635298032528528,0.7116937837973523,0.7687427607150693,0.8305436341051488,0.8242646685335677,0.7968455305309605,0.7031944384265368,0.5585793698273804,0.5071219842044089,0.4763316361750274,0.39940802933855274,0.28250075906442806,0.24557368624540582,0.23842518948462374,0.1435411518724882,0.0,0.0,0.0977037989364837,0.08156948609950085,0.0,0.0
0.0,0.0,0.0,0.09555351763072313,0.08963293455946161,0.0,0.0,0.0,0.0,0.0,0.0,0.17288262359388265,0.2523517507120557,0.20022964828331977,0.2114261528558954,0.3403074864157156,0.3325089825816443,0.2696731460304914,0.44521992196797483,0.6460196417258893,0.8888476141111114,0.9961001436508738,1.0,0.9135709478840097,0.8014826671553373,0.731306468907898,0.5741049756908685,0.6619091671371057,0.6988897634764308,0.7092415776390257,0.7573834693118774,0.7304500299159085,0.5667522351909664,0.39737500697671496,0.404217111008054,0.3857159129463357,0.42094335049610065,0.45200070860613,0.4435063467835429,0.3855213609756806,0.2615243889042597,0.0952309529845746,0.10454363288770957,0.0,0.0,0.07927141110839686,0.0,0.0,0.0,0.0,0.0,0.0,0.1277360987654889,0.1969365189066829,0.2503717546887816,0.30011505962663493,0.3149734835728984,0.3166966281465683,0.3499334944043955,0.42829465626844904,0.5271531697645393,0.5991409290445047,0.6455485563660701,0.684191213093567,0.7365089893266513,0.8364536900026891,0.9462210518932601,1.0,0.9770202289084118,0.8813261016323889,0.9001713106334016,0.9292269869585191,0.9173879100194554,0.8830026109886377,0.8028732791181097,0.6635011510515217,0.5370661400390687,0.4888548754895485,0.4112265996100768,0.2680439919809528,0.2530433107325317,0.35025571846670167,0.360482190838352,0.304419902563169,0.18429388884983433,0.0,0.0,0.0,0.0,0.0
0.0722947805525737,0.07610485051556114,0.0,0.0,0.0,0.0,0.0,0.0,0.0,0.1285182814603689,0.1595419717559619,0.1721925301495062,0.21905821821412166,0.2484421893633759,0.25631805979939426,0.33597573853430013,0.3264935040977762,0.09390787108099398,0.47520221472905266,0.720014221260314,0.9054340752813235,1.0,0.9968421969675944,0.8857937540578216,0.7744429012082172,0.754359590880234,0.8075138261040024,0.8549413962101436,0.8284578259333076,0.7744288749609977,0.7253265200727683,0.5868791398344365,0.5621310004753607,0.46703829892494586,0.35858276158446667,0.41767123992930255,0.3684932404470294,0.3548974783260018,0.31395166042249434,0.1959058801557108,0.0,0.0,0.0,0.1178303389413189,0.12461813342764189,0.0,0.0,0.0,0.0,0.0,0.0,0.10527648383628853,0.0,0.07189536342891856,0.1907751054660696,0.25022698707909585,0.26299526181892297,0.2865882392859237,0.43576253636208906,0.5287677855073546,0.5696608683174496,0.5523190556200545,0.5005516960877393,0.6310033787171533,0.6211986383643467,0.8054017367025139,0.9521370611261835,1.0,0.9604237751572856,0.8238471364328696,0.85092924122156,0.878227460883496,0.8289364793025759,0.7374757903843555,0.6484469267209262,0.5865295853486212,0.5304057315154598,0.47219010286819074,0.4910761632036188,0.546674366255181,0.5721686276755092,0.5409615279014839,0.4448284069445746,0.28472018928384013,0.10997379461828856,0.09304108328436364,0.11876461156179273,0.10305146043532136,0.087498944569659,0.08069548931032282
0.0,0.0,0.0,0.0681069432617864,0.0,0.0,0.08694635265647446,0.0,0.0,0.08224767515585509,0.13500821219193654,0.1627248451971279,0.1732258618516042,0.21576946475982142,0.337995800790238,0.4344226287787034,0.4813361495342116,0.5195899370813151,0.6241323036855171,0.6449436224937106,0.769081442987066,0.9649676905711914,1.0,0.9382488729984282,0.9066176617961553,0.8869147807701423,0.8556514945862711,0.8112088103371695,0.7480399658367558,0.7439561953768065,0.6992829985681105,0.5688432921907073,0.3406377987346963,0.32406905045089485,0.4187368937784741,0.40354712000734355,0.32316076221295176,0.20366762272836045,0.0,0.10890636715227085,0.13861951621933816,0.0,0.0,0.0,0.0,0.0,0.0,0.06994427618007747,0.0,0.0,0.0,0.0,0.0,0.0,0.10105555455682784,0.13353326309320207,0.16705541266076435,0.0,0.36266264935858383,0.4303198376296037,0.422036967571536,0.4636867821905355,0.5253448734220203,0.3616488810265773,0.6957355619338821,0.8592343016278068,0.9699461824440951,1.0,0.924573840840064,0.6910488195953606,0.667674580195241,0.5352051031000163,0.5911030362610736,0.5639888937357873,0.5383863026721963,0.41399614172462906,0.3599927743640292,0.44514536110306147,0.4212930695375005,0.3377330478850125,0.23258179273676302,0.0,0.11622376634059314,0.10220107839447028,0.06376863726051707,0.0659958418651089,0.0,0.07574711925588756,0.09020050943899773,0.07094233472746775
0.0,0.0,0.06649322889692601,0.12642187608730193,0.1288969936361718,0.10806691740924028,0.11711625808383011,0.1446862473159052,0.14234511492009516,0.07848839735440888,0.0,0.0,0.0895873973501376,0.1465060769356663,0.19820847224518917,0.23405352958512454,0.3284628182193794,0.4308472291723705,0.46374337831261353,0.6168209321798478,0.8779224898368542,1.0,0.9911739055965562,0.898771762533768,0.8920489152773553,0.800246881719231,0.4958978726680205,0.45483015557492,0.23181904452012833,0.280521456230163,0.332722877139685,0.31387549253873775,0.24665559185501484,0.0,0.0,0.0,0.0,0.0,0.0,0.0,0.0,0.0,0.0,0.0,0.0,0.0,0.08824116372205434,0.07937713529304133,0.0,0.0,0.0,0.0,0.0,0.0,0.0,0.0,0.0,0.07482326743964778,0.1399192413904843,0.1594548512122783,0.24003251555650015,0.26757961547150594,0.4169569254430309,0.530470233606784,0.48267019111905735,0.7542745454147773,0.9369808988722826,1.0,0.9676426950209924,0.8347632936378464,0.5972988621818947,0.5657685882305836,0.5191989633703319,0.42489162711076106,0.3081802087926301,0.2084274924163793,0.06195406878366853,0.0,0.09381261864495641,0.11415583093721347,0.11334031439789077,0.0870761929110601,0.0,0.0,0.0,0.0,0.07909679484291636,0.0955543043889229,0.10121657187865543,0.0891407613555084
0.0,0.0,0.0,0.0,0.0,0.0,0.0,0.0,0.0,0.0,0.0,0.0,0.08684172084643932,0.13687278298588104,0.199663025001456,0.33971936065128466,0.44852577453426173,0.5437885564637766,0.5923699557296176,0.6684280244535147,0.9009737838979257,1.0,0.9935578888643241,0.8581552002977565,0.7824683400172321,0.8355500917230405,0.8264085257945557,0.7528821629913648,0.605507945773172,0.4389081029500757,0.41695926840160374,0.27973240909432495,0.20035395786527627,0.18034214872630216,0.13313115583865037,0.0,0.0,0.0,0.0,0.0,0.0,0.0,0.0,0.07236267510032351,0.0,0.0,0.0,0.0,0.0,0.0,0.0,0.0,0.0,0.0,0.0,0.0,0.08355522512752625,0.15546688392036076,0.2590328978014204,0.3527390959083559,0.4118844703050037,0.4419667030717869,0.554412293512186,0.6404471081554819,0.5631660914375928,0.8017211433279189,0.9551362527193007,1.0,0.9602119036551832,0.8474685226382975,0.7161478269461437,0.6096198313432056,0.4705730407447225,0.33273543569461594,0.1915986632353125,0.06790978511840552,0.0,0.0,0.0,0.07500218323598233,0.07450075559541741,0.0,0.0,0.0,0.0,0.0,0.0,0.0,0.0,0.0
0.0,0.0,0.0,0.0,0.0,0.12877828509795,0.18575233761416524,0.24232911988480496,0.24310622258321296,0.16978665647202304,0.30228461655982747,0.38206838808626725,0.4597978042276719,0.5263579298705647,0.5606409408495101,0.5543994425138833,0.5208786154973477,0.6244797604903644,0.7544666967755469,0.8308850652029175,0.9258803220805707,1.0,0.9899800277479031,0.8471025318873123,0.7836152874137754,0.786728433368537,0.7052735737390459,0.7104424497174291,0.7347363947409106,0.6952275318412705,0.6557412101560882,0.6192054214477708,0.5259646401377243,0.3247875720222367,0.2576948246519507,0.28627671818335765,0.2811690243650172,0.1990607884301805,0.0,0.1598707135751907,0.09722506640816815,0.0,0.0,0.0,0.0,0.0,0.0,0.12658450381686345,0.0851653934539913,0.16218142673657077,0.27570675525179883,0.2849552753626115,0.2745837186868104,0.3101347344413217,0.3055594861406251,0.3602855277126836,0.4526924707447771,0.4773665932331171,0.5481104096938978,0.64690911693767,0.7350799963850841,0.8106139288013946,0.8525558711625774,0.865749589207328,0.8372223274974909,0.8313895041596638,0.947900940439168,1.0,0.9599315217229996,0.8220176372534276,0.5617599476617477,0.4692655719016634,0.48672978610362383,0.34816009592678926,0.27620508725497983,0.2978962930689155,0.30580871070469756,0.28251824091932565,0.2274261860580308,0.1712068350651807,0.1636366262067903,0.13025393058923057,0.0733905773428846,0.0,0.0,0.08560103851663861,0.08946298838209278,0.0,0.0,0.0
0.2890360768355893,0.33601617544919904,0.3717489943839505,0.3849350128753675,0.412917065334489,0.4595831276339805,0.4673442282238931,0.5038802381482296,0.5428672632340156,0.5168600070214939,0.4627012325168392,0.5118834706369367,0.6259908689284567,0.687543709533064,0.7157655037510874,0.758784471688474,0.7754973542124936,0.7053814178025917,0.5787641084194441,0.7097804514545631,0.8672194343748635,0.9736217429620826,1.0,0.9364778183709798,0.7607057311029514,0.5999483557338728,0.7400952613193718,0.7717243131687559,0.7116658751926705,0.558351902623148,0.5823026087918306,0.5480217931400584,0.5662658034462841,0.52997357429306,0.45157819646584235,0.38310055664432574,0.23271185415101653,0.2916214593492988,0.32401800893672295,0.29368606894256716,0.2312273293445534,0.0,0.1562782563954432,0.16350493690763554,0.17168532352274532,0.40000897469740804,0.44019056173655124,0.44886591136203685,0.41057188034773384,0.33054198024485726,0.3431504815740419,0.3676205191984537,0.37788531211604764,0.46928345219797485,0.43292730438958793,0.5203775501961821,0.6116506740910582,0.6554660561502909,0.6763146896548026,0.6752144331970231,0.6187604173469633,0.5852690505969935,0.7259206711979742,0.7701529659961689,0.7555984676722914,0.7564691675999831,0.9459657973991858,1.0,0.9553990797325791,0.807554938621374,0.5447443588123603,0.519634041118004,0.5172980567192361,0.4151612090688982,0.09127010701822441,0.20644542330072266,0.25333284023182234,0.0,0.23485460982030676,0.23887555365443613,0.20669130390182727,0.18810350888720334,0.16872960371125773,0.15764077905524732,0.14204122607419908,0.06837234191100121,0.0,0.0,0.0,0.0
0.5073691648610281,0.5168517361409247,0.5421820150593513,0.5317803380735769,0.40823041400010257,0.3841088065764542,0.4617789725466062,0.43846915580303414,0.5057876451945738,0.6445449046635695,0.7047426547751021,0.7506247239681655,0.7288193346844745,0.6970663496613442,0.8406153211665862,0.87259737304462,0.780316747391542,0.8297014277432353,0.908419684370732,0.8813516147310214,0.9017236934694308,0.9878065069706102,1.0,0.9217142255423134,0.7376442227326248,0.6616151910531871,0.5648176229696854,0.5916466246257761,0.5808506629761233,0.582287462037518,0.5573998183983719,0.5291869743654464,0.5501483218117748,0.5415993427973874,0.49805330791169067,0.39420163791022134,0.24313044131931552,0.2746877083609157,0.19481829998212194,0.1485515772457549,0.1761360340433058,0.1611560918194388,0.281985133071703,0.38242213559056176,0.4415197585128053,0.3766271761249998,0.37116293663461497,0.41650945956457536,0.3806059301478411,0.2277006758997541,0.3639771987428258,0.2977893268826316,0.278644627322453,0.4109803530623853,0.41673102394264755,0.46615302687060267,0.5502425758981335,0.5534261422407832,0.6339845593702155,0.7062905371563601,0.7068892380494163,0.6761111755501501,0.6245487235520254,0.5257014341266161,0.5748871639208428,0.8106306729715841,0.9547209978107362,1.0,0.9555321486239466,0.8199019403620654,0.6488005031525033,0.5704009330774923,0.42551026690589233,0.25668714322130576,0.2784614241343515,0.2767543993032282,0.2628422785631505,0.1731370621744853,0.17195430852976323,0.22305447883941695,0.17962224986429443,0.12117624161463071,0.18291856238967275,0.17949096048760826,0.12870899267882305,0.0,0.0,0.0,0.0,0.0
0.23501431518678942,0.19228555360024668,0.0,0.0,0.21272533562544713,0.34451156808875355,0.3832721391929438,0.41969072873869356,0.45564997654309836,0.3953341493234093,0.45127511931055714,0.585973861006005,0.6855035367855282,0.7844849340563652,0.8551941683123045,0.9106965170229518,0.9531595201130337,0.9552112657046189,0.9089667955173445,0.7979173511147111,0.9198429664972594,1.0,0.9908683466833103,0.8931775247771446,0.7334952770748837,0.6691443403690498,0.6358105282764615,0.5783364083005452,0.5247477687122655,0.41770632920405637,0.34401544807621387,0.41497732999483766,0.4233758480287993,0.34971761985522876,0.209539652926414,0.0,0.16434526384130543,0.21190867087093565,0.16305521029717399,0.0,0.0,0.09989149937431856,0.07682847993182884,0.10247799857431712,0.1338714424387079,0.13593387560285802,0.20005109504264892,0.2612673862858238,0.3026733632768266,0.32228000206403556,0.3002446324367623,0.25003922783113824,0.3281918961244324,0.340243009738288,0.2060835716924958,0.48828368874142425,0.6128508771224664,0.697454806893526,0.7457604954472722,0.7606323398569274,0.749848980560674,0.6827510630852383,0.5330848272888532,0.4372617774542933,0.6304638743816725,0.7744778106966386,0.944818078658338,1.0,0.9561548995121517,0.8028871207007753,0.5147709446833352,0.3799227944305362,0.30852740993469413,0.3072520910725875,0.2830573690890775,0.26380559768596384,0.2515852597116253,0.20282492376973138,0.1582959430832666,0.08261934029463767,0.0706905883312022,0.0,0.0,0.0,0.0,0.0,0.0,0.0,0.0,0.0
0.0,0.0,0.0,0.0,0.0,0.0,0.10627024785791397,0.18694635285291283,0.21652629423058672,0.0944736433726036,0.25750655812565976,0.31823441416800324,0.3863506426051035,0.41602282343033287,0.41033634426303817,0.509940907660682,0.638189620403615,0.7479837692220579,0.8308539157996317,0.8887859590063217,0.9503374586460585,1.0,0.9814380616329766,0.8710691333056706,0.681041355278257,0.5223630063390332,0.3799623695390754,0.2830101395850493,0.2757109298719744,0.23933953057450538,0.16553503604386377,0.0,0.09359682236110382,0.10662426380731926,0.10712625118859609,0.0816502941465785,0.0,0.0,0.0,0.0,0.07209019150096627,0.09189213867792097,0.09745141421298728,0.10543271170469698,0.11030209685684059,0.0,0.0,0.0,0.0,0.0,0.0,0.0,0.0,0.0,0.0,0.12269115565859505,0.21285222440705487,0.24064124444563953,0.3112659812799858,0.4133309429738498,0.4299928859872263,0.5361284220721257,0.6456033342492927,0.7290721596331822,0.785661034576532,0.8134628563596881,0.9432788895850792,1.0,0.9615859000215092,0.815564738911838,0.5286514062951734,0.4505094138033006,0.33774511273746266,0.26671549679636597,0.11056416948197212,0.0,0.08708954404468161,0.0,0.0,0.0,0.0,0.0,0.0,0.0,0.0,0.0,0.0,0.0,0.0,0.0
0.0,0.0,0.07190771912160762,0.06800191313215288,0.0,0.0,0.0,0.0,0.0,0.0862890562757873,0.0840097223651734,0.16442239899947217,0.23245166522050426,0.20028283354339393,0.25165234399963626,0.37034550376383796,0.4365619582349735,0.45388569078514546,0.5819057746925853,0.6980567615631892,0.8327013378082393,0.9634518627697021,1.0,0.9539373197445061,0.8296711126663441,0.6972936941870722,0.7070010135626437,0.6242595129791908,0.4307435775052712,0.39061436755692747,0.3979791663961543,0.33245039425058714,0.2598439560679032,0.23272483841285485,0.15229197121308702,0.0,0.07237943204273055,0.0,0.0,0.0,0.0,0.0,0.0,0.0,0.0,0.0,0.0,0.0,0.0,0.0,0.0,0.0,0.0,0.0,0.0,0.0,0.0,0.0,0.0,0.08838294923456462,0.19586551527583923,0.32782571904547475,0.38774537050382335,0.3301806058129379,0.47447933581176754,0.7815198635978445,0.9454079721172846,1.0,0.9627806791289872,0.8599093852688984,0.7946510897837291,0.804666114724115,0.8191015277240801,0.8067876995257934,0.7717631102304723,0.7211175476737486,0.6518638448012684,0.5587170401450172,0.4527721138101096,0.3705612570125512,0.3026620639611951,0.2281956533230581,0.16970370170042864,0.0,0.0,0.0,0.06362251727008589,0.0,0.0,0.0
0.0,0.0,0.0,0.0,0.09147335333109324,0.0,0.15592040356830705,0.2518608361143022,0.27991350225732986,0.27425757862321176,0.31832516853202775,0.3335172787087413,0.4705314854642341,0.5488822073427527,0.5939865042077928,0.6190841085482395,0.628335713374719,0.6593388615163082,0.6927070151128049,0.7082780728006846,0.8349300558795263,0.9687688189650776,1.0,0.961633403350427,0.9088857696095093,0.8624131748326133,0.6921129984883334,0.770342197521234,0.7486671746651038,0.5233621574645418,0.7035522008471979,0.6961475074064721,0.6333391580076746,0.5412901623074015,0.40367196631831287,0.11862916172619224,0.25475931294320264,0.261856161966748,0.22504326249984713,0.16611643906655013,0.07816179095946153,0.0,0.0,0.0,0.0,0.07583473738841814,0.0,0.0,0.0,0.0,0.0,0.0,0.0,0.07923939245006296,0.12721960520467926,0.1515103106414374,0.19322531902523996,0.2274589982136602,0.191611758151458,0.2304336722061168,0.32210146823968816,0.40002445293516153,0.4051138510446762,0.32237121744185976,0.5627307124842469,0.808359212054021,0.9537685301528611,1.0,0.9523792881631206,0.7992769816531999,0.5354752247453212,0.5870390522702249,0.6245878450959965,0.7030988199241297,0.7659246465008775,0.7852958741743181,0.7320367373789719,0.5488495821766268,0.69406866642925,0.6858190857662289,0.6150441118220165,0.507319961693803,0.38855647356792666,0.3409731252794958,0.356397391971257,0.32491821841159574,0.22823906766833177,0.2579661637455398,0.23128673559198445,0.19443975024672608
0.11378063794071658,0.10350680141930561,0.12317587864268292,0.15623233233323433,0.0,0.16753072267149827,0.27668586788090005,0.3324751465275779,0.3668847315032337,0.3140728560204381,0.09975515888844157,0.49837272504952834,0.6411870020561963,0.6929564029002999,0.6824072677576862,0.575710649508414,0.5919070606661354,0.7029616864778842,0.6835732220356141,0.7710402065164971,0.9106103482244935,1.0,0.9971688964662694,0.8823762511896747,0.7460158410471887,0.6701264042484852,0.7237396545479554,0.7484259483343996,0.5873380009453331,0.558143044595825,0.5024335405458275,0.49873618107032625,0.46254358475704,0.33969494018461177,0.11124193338308273,0.24868009705707378,0.28442788626264365,0.27504862445180306,0.22304039198166534,0.22929736699206876,0.16016578769386366,0.0,0.12770851926699012,0.1324068645979575,0.07966644462137715,0.1407277406803618,0.13192289032407045,0.09331946912837356,0.09714682536683342,0.14405640716296228,0.15559407693169083,0.16379227699337884,0.20765428206036046,0.2597249154663321,0.2847872488889974,0.29352663043880767,0.32998934683232345,0.363862228161073,0.3478590887705053,0.3418556133208223,0.4178754841367831,0.4747109746248367,0.47652761415764927,0.5160609845293253,0.5983977545379743,0.8138492861979003,0.9553849371809392,1.0,0.9505940379210766,0.7818332337966586,0.6429599109575324,0.6747844415694666,0.6471113956364025,0.6743125368485712,0.7840726509346684,0.7558215724540083,0.658060133791628,0.7389770285790035,0.7509849061248315,0.7100284305119696,0.5893658747343073,0.41036190621012125,0.4052294316102192,0.3501398469314256,0.30552111784802516,0.14175856772395187,0.2772274790923551,0.14508963210557674,0.30160960880496257,0.26277724051300066
0.15201229055440962,0.08830824904458667,0.0,0.11380266545841283,0.21451702647580975,0.2815820295968979,0.39533997149355915,0.46679401008612165,0.4917229429522395,0.4140409152678311,0.49611104331036626,0.6264353393110674,0.6667176644236865,0.673023022914476,0.6399549228470663,0.7014555087603146,0.7471900794223947,0.6976761130767122,0.3735765733061444,0.6290202133798684,0.8597601204647702,0.9822446814557145,1.0,0.9139833924500933,0.6806082564527561,0.6029026437738194,0.5895047981500305,0.5278296407997815,0.4878396196430294,0.5255304532593468,0.4638742759971927,0.3324916870597948,0.1654120814092059,0.1894044963544616,0.1303942337320148,0.17764890295029562,0.2665304642614579,0.23635891810533452,0.09159523611945948,0.0,0.1253699081406439,0.12661066749524705,0.0,0.0,0.0,0.0,0.0,0.0,0.0,0.0,0.0,0.0,0.1414355053656564,0.18451394857933606,0.09784669785481294,0.2126559808701472,0.32799838689396066,0.34357472704905717,0.35948644463773893,0.4090997740128533,0.37542604677051206,0.42250388004593126,0.39429351090764475,0.5245999393805826,0.575780569894697,0.7904493162394828,0.9473165333963518,1.0,0.9572184611635425,0.8121840332930388,0.6277784139421907,0.7091385286807256,0.8292141508063681,0.8260799063396346,0.7898429282914783,0.785489136566289,0.7599531311007207,0.7219518376345909,0.6337501601288635,0.5760930450639221,0.5154530534415395,0.4596317198156321,0.3944600636521163,0.375774049124399,0.39201085406814895,0.3816170053936447,0.4285078299713825,0.4116252878639785,0.32797419471739936,0.3224178690396573
0.0,0.0,0.0,0.0,0.13813192211472008,0.22217062881444125,0.24699015962049323,0.31055238820507775,0.37296160670221834,0.41282093279814336,0.43285682585201873,0.4346820607244782,0.5262008359015982,0.5207000637671173,0.4455267148679282,0.6728786836154824,0.7435923574410015,0.7495943314490378,0.7134621179058127,0.4140530752684139,0.8777105451427535,0.9918589162301586,1.0,0.9219596745013834,0.7893188524313285,0.6719341194617906,0.5664493479698133,0.3873181233111951,0.11260445589958983,0.11468741180347491,0.2550540629255127,0.263299735912582,0.21372037049366938,0.12757071739618978,0.07819877724936236,0.11705199583635949,0.08076414815763736,0.0,0.0,0.0,0.0,0.0,0.0,0.0,0.0,0.0704572656146629,0.0,0.0,0.0,0.0,0.0,0.0,0.0,0.07469540306692005,0.12622691685404774,0.1504863991714373,0.1404255144125909,0.12974690200504882,0.26401045017051394,0.31007556713119916,0.25023850346569004,0.2610814067238568,0.4096083176012844,0.5227084171940364,0.6013352629126392,0.6754643076303196,0.9219591076340666,1.0,0.9731719455584545,0.9233333689671085,0.9359352712837382,0.9198458020400946,0.8617148261517297,0.7518453311486611,0.6065234488554074,0.4421784454544184,0.4267698072523481,0.47105699601861634,0.40187811239157367,0.23265371794197448,0.33410789667929425,0.3736296134486631,0.34034493340805533,0.22802887002003833,0.19418795193222066,0.20413862094586258,0.12311561123523213,0.10501597596171464,0.07959617545602117,0.0
0.0,0.0,0.0,0.0,0.0,0.0,0.0,0.0,0.0,0.0,0.0,0.1350456013912438,0.0,0.0,0.0,0.1441293195956891,0.3245022509599732,0.3866129686592125,0.4048003170461424,0.5349111409355607,0.8602032907422477,0.9894534019152075,1.0,0.911086559522631,0.8000888723351897,0.7699475398918901,0.748416658717329,0.6767758310947146,0.49969750760242154,0.3534747014418005,0.21365134461814905,0.1836615363986142,0.1594541130400525,0.10588521525267797,0.0,0.0,0.0,0.0,0.0,0.0,0.06785815390832928,0.0,0.0,0.0,0.0,0.08396354762616393,0.097616834424912,0.08762236638779607,0.0,0.0,0.0,0.0,0.0,0.0,0.0,0.0,0.0,0.0,0.0,0.0,0.2479334217786035,0.3767564191784126,0.5448158949285116,0.6845558394096746,0.782904794269094,0.8978655997921585,0.9941861464056908,1.0,0.8681259212476732,0.8839870393401797,0.8151287350281853,0.5981755592460275,0.6324500249130388,0.6142213730630934,0.4116314213775941,0.35507140571413165,0.15805221999494173,0.2291575339164743,0.18744717024944468,0.11999615407981536,0.0,0.0,0.0,0.0,0.0,0.0,0.0,0.0,0.06972396808582644,0.06727963340942078
0.0,0.0,0.0,0.0,0.0,0.0,0.0,0.0,0.0,0.0,0.0,0.0970869340849785,0.11063819343788511,0.0,0.0,0.17564050719830324,0.30220004758413077,0.31373405154134276,0.18301673388667322,0.5672123970685978,0.8527132290234544,0.9792093809662671,1.0,0.9155270725298552,0.5650365663574652,0.7516226592567707,0.7497792003800745,0.687813401646209,0.7385235536812685,0.7976773834340998,0.7836400033704215,0.7150230455566738,0.6048527307416747,0.4776968963625344,0.39788710479153194,0.40170661876403374,0.36536973995652994,0.3478282769858177,0.3366956322592577,0.28034900135462876,0.20469781813341495,0.07318398332182217,0.0,0.06559844601155868,0.0,0.0808107916980778,0.0,0.0,0.0,0.0,0.0,0.0,0.1691290798555551,0.2494937111118264,0.2925746366988751,0.2654145565367556,0.2680874723694484,0.4656508650800176,0.565171504853097,0.6171697621195703,0.6647248166532843,0.7291584939025499,0.8100481867401124,0.8912557252333554,0.9258773938272642,0.8886037952537362,0.9418696933224086,1.0,0.9597449959676734,0.9349001451410872,0.8758929338734527,0.7305910258042999,0.6492882842425437,0.5586923161904931,0.6520641718765934,0.6757372281606364,0.6173856718297803,0.4746221129743042,0.2428010883815254,0.2615733889570574,0.252991960466439,0.14849461622534516,0.08527589322236798,0.15095018562677306,0.15672756042873798,0.06957999682123434,0.0,0.0,0.0,0.0
0.0,0.0,0.0,0.0,0.0,0.0,0.0,0.0,0.0,0.0,0.11785837768579967,0.0,0.24124975976104107,0.317263168236203,0.3195115707170669,0.29621154717314246,0.4064971100808271,0.502456142278049,0.5456163899033271,0.6922152936338317,0.8984973558900212,1.0,0.9960997160041791,0.8916709345782708,0.7796297025469391,0.7432802437595843,0.7238894549935946,0.7803037395755504,0.770074456606185,0.6194019079909877,0.41607411460862875,0.5969300007606283,0.609817919053089,0.5217745421550022,0.28045505581531543,0.34670140190073306,0.2886379104109486,0.31829237709979263,0.39299946173506833,0.3297610324665051,0.12103628727147976,0.238654847519021,0.30419626679792217,0.2896242915604347,0.17925159998232865,0.0,0.0,0.08165231892942293,0.0,0.07192953670037121,0.18462618694285773,0.2646893149718581,0.3390729673382314,0.36262737196967726,0.2853029549126743,0.5026736661730609,0.5902314365862426,0.6061985042144196,0.6114175295196383,0.6348411827781456,0.6330100072720576,0.6859512534707715,0.7154282250886954,0.7087819430772303,0.7781150067244906,0.8602369824957322,0.9476478519578586,1.0,0.9660230796482534,0.8240209853016787,0.6894523441827689,0.628232771815013,0.5341245086907442,0.42200309682525017,0.5670899599979653,0.5900994143745006,0.5323163730612822,0.2848121800033503,0.4426267869476168,0.41849824858249496,0.340337356899214,0.25736951260561675,0.17817008799455894,0.0,0.0,0.07428955699591773,0.0789430063565235,0.0,0.0,0.0
0.0716208281986772,0.0,0.0,0.0,0.0,0.07498840778309576,0.12021293102181864,0.11597149658725356,0.0896400526763781,0.12925985720600766,0.2017707642541601,0.22669457630564416,0.1962286307373281,0.3334832489821989,0.3863360542937101,0.2660134763913872,0.5090989746827087,0.6084160002339383,0.6282421343658056,0.7063307277198569,0.8877260573099053,0.9897023105667795,1.0,0.9154509363743059,0.661637516088833,0.6864922091637247,0.7682190587662651,0.765742810937024,0.7265769509543731,0.7295683125599265,0.6614975881158757,0.555225913140948,0.4840498031036618,0.44576655292018097,0.3389929988706309,0.29989145154213015,0.36093084970450656,0.4089734812325859,0.4067463504179006,0.35080998191151364,0.18882424517848173,0.16676613154307057,0.2331222686978782,0.22548692986866603,0.16970938501524996,0.0,0.0,0.0,0.15869176781584896,0.210834779683653,0.23306105395783847,0.25461478354584866,0.2961416340885448,0.36628029216223523,0.4045934314320226,0.44360359540469885,0.4545476188269206,0.5018258938485041,0.6211593091074173,0.693622121362973,0.7273325436301644,0.7083454199928788,0.5007159619227023,0.6860254162770143,0.6761080741633708,0.7903586241225503,0.9531438247368687,1.0,0.9547183120332151,0.8022432234565985,0.5139748015650636,0.5772961501363252,0.5825541829184374,0.5331676271007697,0.4335581063016215,0.39773431550884,0.4151811051346033,0.37759731741985597,0.296085715331215,0.21987620697395524,0.14507800933257758,0.12950910324896528,0.13672106877919254,0.09644537287048742,0.0,0.0,0.0,0.07155818090942033,0.0,0.0
0.0,0.0,0.0670068866634811,0.10378504641325478,0.08151444427105192,0.0,0.0,0.0,0.0,0.0,0.0,0.0,0.0,0.13418895811556703,0.35827114173644836,0.4829165649498506,0.546718056820215,0.5785400822146406,0.5404092791545078,0.6384726910336622,0.8894908763788034,0.9970481384132881,1.0,0.9307542952387241,0.8801807206379847,0.8345154307256735,0.654733435839751,0.5858959859202151,0.597874438449846,0.4958198966771638,0.44665185522225015,0.32863843433382844,0.37954217893466496,0.41178685743138393,0.3786665569413213,0.28347939088293245,0.0,0.1207592258326195,0.07874166970073262,0.0,0.0,0.0,0.06461115128733763,0.0,0.0,0.0,0.0,0.0,0.0,0.0,0.0,0.0,0.0,0.12021304495357908,0.16792646160129326,0.21690349610399273,0.27520512120169793,0.28130950793358894,0.3774216260689969,0.45787077908484886,0.5786078503290197,0.710495210616688,0.7818166084240559,0.7964373908190097,0.7644530301369066,0.714554566247246,0.937974425330499,1.0,0.9631226517956281,0.8371365841266792,0.6701223268687767,0.5474296537709094,0.3766100433391261,0.2194329793809687,0.22980323702309177,0.21447049913202404,0.24449565622812133,0.22773493863828215,0.13468219693993436,0.0641616123271593,0.0,0.0,0.0,0.0,0.0,0.0,0.0,0.0,0.0,0.0
0.0,0.0,0.0,0.0,0.0,0.0,0.0,0.0,0.0,0.0,0.0,0.0,0.0,0.0,0.0,0.13992208790514882,0.13364074650613442,0.3425855978834889,0.43721112463821815,0.4689878749323111,0.8161864329652141,0.9532173650944282,1.0,0.9793416441866635,0.9036854914659959,0.7772291916696589,0.5876370700670339,0.4545994643571127,0.35486482904239397,0.29878311469131313,0.235730189751067,0.10003462676822826,0.1433468895849235,0.0,0.0,0.0,0.0,0.0,0.0,0.0,0.08251242390846196,0.06141759338699363,0.0,0.0,0.0,0.0,0.0,0.0,0.0,0.0,0.0,0.07944952805526245,0.0,0.0,0.0,0.0,0.06672993974069591,0.10894395358318035,0.1257781513409273,0.1522086440909238,0.18362195443457086,0.26691455454058116,0.46274749516312313,0.6016788415600953,0.684093936605339,0.6335688951840839,0.9272577312000055,1.0,0.9687929098830603,0.835123364654279,0.5461459932638199,0.3264669452792448,0.07544800150277285,0.0,0.0,0.062010240364223236,0.0,0.0,0.06865008156181084,0.0,0.0,0.0,0.0,0.0,0.0,0.0,0.0,0.0,0.0,0.0
0.0,0.0,0.0,0.0,0.0,0.0,0.06098567969841228,0.0,0.0,0.0,0.0,0.0,0.0,0.0,0.07700191124251715,0.16835219434854512,0.231687366747173,0.4255177311204219,0.6414792936267822,0.7997548163671916,0.9279923795714117,1.0,0.9973393009564762,0.915684681879267,0.7795572824298438,0.6401550264735354,0.3585383783535178,0.21360220845551223,0.10997463379485208,0.1317334444977098,0.0,0.0,0.0,0.0,0.0,0.06582130005837056,0.0,0.0,0.0,0.0,0.0,0.0,0.06802723577913292,0.0,0.0,0.0,0.07295516233331813,0.07572491545424043,0.058418624741342594,0.0,0.0,0.0,0.0,0.0,0.0,0.0,0.0,0.0,0.0,0.0,0.0,0.0,0.26135206164116825,0.4351160250525468,0.5267681655196177,0.7948982436188174,0.9516478794770156,1.0,0.9591471343062677,0.8353519010374179,0.6731939229710597,0.5521879284066025,0.4571516027597891,0.3237151103219108,0.15169566209470342,0.0,0.0,0.0,0.0,0.0,0.0,0.0,0.0,0.0,0.0,0.0,0.0,0.0,0.0,0.0
0.06479540588791724,0.0,0.0,0.0,0.0,0.0955870390052958,0.0758324724947679,0.12180844687548781,0.21894455866734688,0.28897314099276106,0.2878416973989998,0.2695325869875254,0.1674709494778208,0.48075102403754716,0.6229034833550502,0.6947447150056907,0.7462774814535744,0.8110851707257202,0.8650583592297879,0.8967960263063463,0.9477019639450922,1.0,0.991096156254522,0.9009832354715611,0.7396239194949157,0.5791794133117717,0.5202539451991912,0.4569172187365228,0.41910630234938046,0.3716036053887441,0.2740784072342234,0.1349511249693082,0.0,0.0,0.0,0.0,0.0,0.0,0.0,0.0,0.0,0.0,0.06584784821599815,0.09696557048707619,0.06516264267149945,0.0,0.0,0.0,0.0,0.0,0.0,0.0,0.0,0.0,0.0,0.06889732349394173,0.13907782079526243,0.19503782123961622,0.2007561353201149,0.24464507578007075,0.4062517072664691,0.4965949419257076,0.521011862827156,0.4839934515325543,0.4344323007502977,0.7919430468204883,0.950600077649095,1.0,0.9663675890871536,0.8811114942845304,0.8085755936546887,0.7428659901083118,0.641216690826183,0.5058849654491958,0.3972925268015988,0.3725604317191453,0.33664523966860477,0.2555235898557894,0.16245642634607727,0.08208424165124173,0.0,0.06880399490142791,0.0,0.0,0.0,0.0,0.0,0.0,0.0,0.0
0.1661254770156371,0.15863048860850498,0.06687389340671614,0.21904012274303436,0.2609234520994728,0.25204909009943904,0.3298029890950434,0.39961255377808047,0.2983635739097968,0.4769818267707419,0.5977612152577266,0.6502780880640237,0.7369618551770232,0.8188875028044695,0.8414416094903996,0.7834064551452051,0.717203148674261,0.7507014776939103,0.6203348337800109,0.7041076021535178,0.8808977384701199,0.9870650154556412,1.0,0.9114760149775835,0.6898506731755155,0.36274206099028017,0.3180054789168114,0.3505938609607425,0.3753337056397301,0.2555300840268529,0.21707514757368793,0.31302798382262326,0.3106466791113575,0.21739793979230115,0.07681604871417014,0.07162378916445798,0.12088852339879341,0.11460631378818208,0.0,0.0,0.0,0.0,0.0,0.0,0.0,0.0,0.0,0.0,0.0,0.12259586564793055,0.203732663973603,0.22957430193422365,0.21039776505401533,0.10896457411064689,0.3007888494285555,0.3680262233960844,0.37464611684228344,0.3569188412058796,0.3826939506657714,0.4592127294067554,0.541540324677404,0.6264896864531868,0.6910553417822722,0.7178535127611948,0.6948434044004275,0.7239719194242553,0.9369420747526263,1.0,0.9643131359923374,0.8195832111230834,0.7498477856573048,0.7215573655048049,0.6034090004702023,0.47420944004212356,0.5749731300757187,0.6131968216555459,0.5948471716842285,0.5246059482146093,0.3950935006103541,0.21812284177993518,0.2707847267194411,0.30124008433934185,0.29078464475413285,0.24884054720848076,0.21947267463498002,0.17240320808323767,0.07147806903174843,0.0,0.0,0.0
0.16092680975686358,0.0,0.14104231451759836,0.20294632015251066,0.3243735898563718,0.45106273118084306,0.5001144451348242,0.5311816979598835,0.5829273190325682,0.6127378089377543,0.6322807860581625,0.667170717027319,0.7402810722075174,0.743929350571337,0.7438603419236514,0.7613299540468434,0.7498617570360483,0.7339113706107435,0.6901484535842977,0.7483890303257831,0.9056326668736299,0.9965525099336743,1.0,0.9109694367994083,0.7284269144271848,0.5253973549907125,0.4869035364289818,0.5067934918034378,0.4499728131483269,0.2461568128764381,0.2541535230125197,0.32013702525165944,0.296322953362429,0.22075147828997058,0.17816999479633608,0.20137571369297136,0.21333207617316746,0.1872111514826678,0.13155804943161167,0.0,0.0,0.0,0.0,0.0,0.0,0.0,0.0,0.0,0.07661290177929776,0.14372340724748958,0.17597393715026163,0.20033949912646062,0.2777248839985039,0.338503698401316,0.0,0.4674852363966396,0.5520206189065336,0.5625859153040458,0.538423759556183,0.544865864602897,0.5799597698963236,0.5589679017792571,0.4173561641659135,0.4799048283475022,0.7221230596127836,0.8767704370698403,0.9718082112608945,1.0,0.9477403715203888,0.7930241299966085,0.7002169280093874,0.553523074158294,0.6010572090453554,0.6496885023641312,0.6413507435340579,0.6245113518558048,0.585300101546399,0.46506117131872793,0.4501551757333218,0.4882745072146413,0.4853245333536987,0.4472874545519089,0.3009635235579293,0.35258460690452464,0.3890895767767139,0.3336170056805436,0.2178659866808696,0.16643238592809514,0.1894832354173318,0.17648912914126677
0.14488626027306675,0.18319297249205946,0.20860301223250738,0.23109767715102614,0.21266664755444364,0.1841823416066161,0.25964936446384146,0.20978300059073773,0.33332334249255446,0.5430799683484112,0.6637186028497001,0.7515592324979626,0.817474941904908,0.8476907629129715,0.8330146550551277,0.7764304177795646,0.7599825463958415,0.7321068037328723,0.7132021214472813,0.7155402216525865,0.8669146242962318,1.0,0.9996576376264115,0.8835272894204963,0.6053339192380887,0.38411404752895,0.3486229001074376,0.23402726742859195,0.2632228846602609,0.2953596694308402,0.10933173043134264,0.17070513594340303,0.17300377967573746,0.10502457115104982,0.0,0.0,0.0,0.0,0.0,0.0,0.0,0.0,0.0,0.0,0.07216628661518133,0.0,0.0,0.0,0.0,0.0,0.0,0.0,0.0,0.1768144388064949,0.2645091046717406,0.2229093488354845,0.30584928135115863,0.3960576653875884,0.44591186977664365,0.49027924287027763,0.5587131630849547,0.6172368292168687,0.6537801927510587,0.7312904023266953,0.7611051866978034,0.8545735141620534,0.9638119905077409,1.0,0.9606477098410214,0.8924788365336049,0.8378054149087644,0.7766091519241165,0.701877181131117,0.61252397094415,0.5388597982586956,0.5039355007723659,0.49487415289398445,0.4641591838559917,0.3228094189566633,0.27130554522778244,0.3233416284994495,0.30032463140550525,0.260687029120646,0.10914375673970299,0.16804834235825764,0.16479833569748853,0.0,0.0,0.07452978066197981,0.1053193548409387
0.0,0.0,0.0,0.0,0.0,0.0,0.0,0.0,0.09670278468131234,0.149401946010025,0.11352621772813214,0.15590784983605038,0.32640353976573405,0.43976246138490493,0.5227700796032247,0.5848802097617489,0.6332074767580044,0.6599730629983865,0.6604214667460002,0.5879536487888187,0.8280729077063452,0.9797720390310023,1.0,0.911272171871905,0.6976170304278988,0.3467257777850861,0.1469291176833727,0.18908411409333217,0.11697139750000302,0.09022377409696636,0.10865136280923794,0.0,0.0,0.0,0.0,0.0,0.0635770554197452,0.07890086391618938,0.08012936775839127,0.067623448982422,0.0,0.0,0.0,0.0,0.0,0.0,0.0,0.0,0.0,0.0,0.0,0.07895410985445954,0.11254998127256807,0.07583706309676681,0.0,0.0,0.0,0.0,0.11612447552257103,0.15353959725190047,0.18697422365988808,0.39632424715275777,0.5093918493626083,0.5898626690395974,0.6887689914345427,0.8104574305947105,0.9468990391536385,1.0,0.9623072832664082,0.8367928645377675,0.6559368237902571,0.513207790099426,0.4418227267117734,0.4118631825075635,0.3738387500184032,0.2865042730236618,0.23832250172956365,0.23697334422206662,0.15365289448605407,0.0,0.08937772064628416,0.09322872699415473,0.07200954026749358,0.0,0.0,0.0,0.0,0.0,0.07697069186495206,0.07397360450677007
0.09236429201760067,0.0,0.0,0.0,0.0,0.0,0.0,0.0,0.0,0.0,0.0,0.0,0.0,0.0,0.06333466237863827,0.13394255181829196,0.2526218544030402,0.30371123846409753,0.29734743628074994,0.6312894741128674,0.8799921817334115,0.989681838834871,1.0,0.9114193973799085,0.7286005973135123,0.75946097586002,0.7450464990206661,0.680885009403564,0.5807904377488969,0.472014499096937,0.36037003691597713,0.19584762617998902,0.0,0.0,0.0,0.0,0.0,0.0,0.0,0.0,0.0,0.06646071807958885,0.1021733714535927,0.0,0.0,0.0,0.0,0.0,0.0,0.0,0.0,0.0,0.0,0.0,0.0,0.0,0.0,0.0,0.11041810156316384,0.07880954931580923,0.20011683018266513,0.2054268710338491,0.3111795111409395,0.5311140890679521,0.6595690572028465,0.6503292470370579,0.9363648705796802,1.0,0.9436031901238302,0.7500965361420318,0.5249661998903319,0.4734292481986317,0.45809055038591356,0.4159726554844483,0.3103831851262472,0.0750278611685654,0.0,0.0,0.0,0.0,0.0,0.0,0.0,0.0,0.0,0.0,0.0,0.0,0.0,0.0
0.0,0.0,0.0,0.0924690599027505,0.09323361191331468,0.07519334152323107,0.08208805524469252,0.0,0.0,0.0,0.0,0.0,0.1260581104375912,0.15520138973618147,0.2780057633007569,0.381035758584183,0.39575331106237155,0.42593975426431746,0.47855456021941767,0.6293676773336875,0.8705529677203512,0.994315801185438,1.0,0.8325380726386521,0.8432372775183892,0.8831277928631239,0.8652357356601389,0.821773205230079,0.7895290223738469,0.8085497156620028,0.7491737341645245,0.6014474604133292,0.44907432169759653,0.35132827619678697,0.2410218172221355,0.2099204827638869,0.21173960193621025,0.2257793964090908,0.18478894387573483,0.09583370022821415,0.0,0.0,0.0,0.0,0.0,0.0,0.0,0.08284444676437917,0.08584474241347691,0.0,0.0,0.0,0.0899578126572915,0.16293969143133052,0.2520442088588731,0.2453150341261671,0.061573414453331435,0.13167003227711951,0.4407528392219053,0.5777099429108037,0.6274346096379405,0.5851618316477538,0.44406381043051346,0.6779222592603396,0.7270110722359174,0.8203704917330947,0.9464162095606861,1.0,0.9745700085030222,0.8858350009076067,0.792823477293713,0.6936728899494181,0.581886040298777,0.48087630634399664,0.528101235199994,0.46939586335326766,0.3021544981288819,0.29354312406082833,0.2650506558528312,0.16955172301867014,0.0,0.0,0.0,0.06333701271044327,0.0,0.0,0.0,0.0,0.0,0.06545560532681463
0.0,0.0,0.0,0.0,0.0,0.0,0.0860747228051322,0.1564839961274068,0.2230287260287521,0.3146078367965543,0.3627347921801036,0.32010143989409556,0.24394760580974717,0.3840767574660437,0.46401729156116794,0.4080977482577438,0.38618236523777205,0.4968461776958288,0.6200952861487348,0.7619189447320823,0.9016305478040453,0.991447313051866,1.0,0.92093682138443,0.7989631304008291,0.7265869750780458,0.6827083101266753,0.7460043743704012,0.7396247602732069,0.7765574466978319,0.7717728464325091,0.7160483180442029,0.6642206976147698,0.5205138698999383,0.40241273254599264,0.4448768639682251,0.40228826733343037,0.3772037713473813,0.3539609943314654,0.3130291906022248,0.24430447122395996,0.15894210711703072,0.11136777600271296,0.1147909106948454,0.14484280579419545,0.0,0.1799904759892954,0.24258086823405287,0.2834473793874962,0.3123185438497144,0.35852702371926787,0.39688581295771386,0.37344102706803767,0.3518918557539414,0.4736093994147793,0.5267925588981595,0.5124792735594602,0.4386713553139203,0.5910295063517647,0.7004503446607763,0.7196507337968032,0.535594796719496,0.7669463654204057,0.8197910628850635,0.7468737687039456,0.7807539568096998,0.9470385752968424,1.0,0.9652882384601437,0.834640143244566,0.557163292729398,0.5506534075693296,0.5531151799010579,0.5387689110678914,0.504032592439217,0.431502500487853,0.5458873061303899,0.552256857382854,0.5297897541700827,0.4849040308590424,0.41037307096007014,0.3270235021131067,0.26637034154458356,0.18709759769998693,0.0,0.0,0.06816285305729583,0.09067468974643163,0.0,0.0
0.19462272504672412,0.1683590836367583,0.17008102353585614,0.2303610990800269,0.23007222888080428,0.19377063533736902,0.2712712369544615,0.3788032777670115,0.43182070982755083,0.4022431079803348,0.34681660933906366,0.47069030748193474,0.4345309993105073,0.5625129144742457,0.6474681908602191,0.6518402888777273,0.6859986150201057,0.7227332981930943,0.6751690474313347,0.7056546405496583,0.9115921265538266,0.9985973201341691,1.0,0.9219414558140233,0.8224968811052876,0.7818750587095288,0.7169842453740453,0.6376791145510677,0.7430376245534689,0.7402010819006594,0.6842688302137471,0.6796489822363503,0.6801384981715785,0.6971891918945101,0.6545677947820041,0.5118235704942683,0.22480408125243115,0.37824538957591786,0.3378513887046983,0.3300804995546981,0.37894104910106874,0.39217156556058136,0.35218020816958745,0.3026319446289916,0.31879113006839765,0.3431849661267443,0.3245629602486538,0.2606074046262665,0.2751756714242839,0.3281659038749562,0.3305018039232074,0.38930697945461695,0.44013362066377243,0.569129001645893,0.6298315512828888,0.6424519009397013,0.6442877322603329,0.7123461735646945,0.772780477821074,0.7777486699091659,0.7562284326468481,0.811022396655886,0.8718194564539571,0.8636986049317752,0.8026806685384841,0.728007078821438,0.9309784424134497,1.0,0.9639044777073491,0.831900256414299,0.6611312595775423,0.6421706306229059,0.6425196348968153,0.599507514751463,0.5087327718441037,0.43994228610435,0.5608111295847441,0.6067597966930709,0.6159258522182244,0.5768282258147356,0.47337164533705167,0.35881782552921515,0.2525168244770627,0.0,0.0,0.0,0.0,0.0822505559233782,0.0,0.0
0.3622462533936118,0.40649946975791745,0.4197952276702771,0.43243083066330357,0.4872307470805225,0.5287625288169341,0.5324587189934933,0.4876838256931991,0.5763807435142299,0.6699062897765381,0.7000963560480494,0.687057363068743,0.6810830875853252,0.7234972750103481,0.7965735702759154,0.8380439232178852,0.8086117288860118,0.730595632496537,0.7228902795725357,0.7285953807672142,0.8381509918808044,0.9979555220316322,1.0,0.8575573338006822,0.8013703199959714,0.8170082981687113,0.760044814540467,0.6925774285775476,0.7071231755155368,0.6257287720697552,0.6421499821628639,0.6826920345409102,0.6742610472961758,0.6037816891414036,0.44751204220380814,0.4819822988057428,0.4651795416432061,0.3881176168360671,0.21405529910749135,0.2050527953974606,0.22566934156063412,0.21690975264478576,0.24232161349227538,0.2688442804685778,0.2621425459811485,0.29839749853170233,0.3321083291504205,0.402745870596685,0.44892786528805956,0.45131762190098157,0.48419564171356155,0.4681910638241138,0.0795397330680718,0.49006119626210665,0.5523056461171283,0.5282590339309984,0.4370000662120304,0.5692714310727971,0.6872734322435265,0.667302606599439,0.7332061899264318,0.7777336389943152,0.7691750763412871,0.7466393147387288,0.7195665075663952,0.8391187428792805,0.9664135562437088,1.0,0.9480458156367836,0.8093323528232639,0.5832283920143122,0.36860813606764503,0.39015653086756935,0.39809539502254165,0.41883137047478075,0.5375102230317228,0.5384948061116707,0.4343753846692137,0.15659368412352498,0.3310420409214558,0.352648077695457,0.2921211183285856,0.1067134198085714,0.0,0.0,0.0,0.0,0.0,0.0,0.0
0.0,0.06805465316932528,0.20989891544347178,0.2574767126563811,0.23629220643416765,0.2602604489320751,0.3133297151811834,0.3258699692576328,0.2266531828342261,0.3676586664774187,0.4339992029129368,0.4523761720704275,0.4956962839716802,0.48713538899091247,0.49220179736130387,0.5330219365440138,0.6820066970192642,0.7185315286691873,0.7237096859700971,0.7137057297378081,0.895234341199314,0.9954699475407583,1.0,0.9266897992020326,0.7840504249096483,0.5353502082318278,0.475406093107949,0.6107085206973173,0.5958758891141075,0.5077119391802901,0.4024332742342521,0.3363397625265468,0.2774593635228743,0.21051101107392844,0.19883087757905069,0.16173756364812955,0.11094784334355312,0.0,0.0,0.0,0.06221125867046694,0.07957313809965708,0.0,0.0,0.0,0.10436787066309523,0.0,0.08615886251203007,0.09484932947599514,0.10765294897487275,0.26734395276054074,0.37856414877989675,0.41030075118874104,0.38515887066932314,0.404539899923008,0.4646581272373385,0.5482166709692868,0.6358442859057587,0.7064083819125281,0.7303205312397867,0.6569699032915991,0.5947079425436721,0.7717522291462701,0.8331372247874218,0.836891884070529,0.8515446378786958,0.9377040317738797,1.0,0.9642972341149098,0.8142721606117733,0.6426641129667571,0.6625772580309253,0.6174420417613706,0.5134377979305395,0.4602845693768919,0.3720274955853296,0.15785267956993432,0.17479136759318312,0.23381745224210446,0.2178399563970576,0.1666597677464698,0.0,0.0,0.0,0.0,0.0,0.0,0.0,0.0,0.0
0.0,0.0,0.0,0.0,0.0,0.0,0.0,0.11325058271749902,0.1419133683497827,0.09725608540858141,0.0,0.14309944050051707,0.2465631123122242,0.34514730020583184,0.3384691942516935,0.3393885554732801,0.49415632969871837,0.5589269560256094,0.5922706771237352,0.6936762715261855,0.8327456578218352,0.9761435791085412,1.0,0.942849890824959,0.8574155221350741,0.7670414606565193,0.6517687114963941,0.44140975546253197,0.32848848139162323,0.2103572203314564,0.13034203025033178,0.0,0.088153825108281,0.15432117112463958,0.10305286790896724,0.0,0.0,0.0,0.0,0.0,0.0,0.0,0.061846000995844086,0.0,0.0,0.0,0.0,0.0,0.0,0.0,0.0,0.10549320707148938,0.08485142239671117,0.08013512463837293,0.11373846100195971,0.0,0.0,0.0,0.15935714420735875,0.27179600412016214,0.407252043475494,0.4931766772219593,0.5550344037566722,0.6424526834807074,0.6958904104723884,0.8172477563348988,0.96507984927902,1.0,0.9404647403778185,0.7902631208191097,0.682750984410285,0.6065954006798033,0.4475727220009196,0.313879069922524,0.25382693602894124,0.21241988011051907,0.09503958638092712,0.0761990676746091,0.0,0.0,0.0,0.0,0.06449935043636187,0.0,0.0,0.0,0.0,0.0,0.0,0.0
0.0,0.0,0.0,0.0,0.0,0.08034344859373065,0.0,0.07437503121978736,0.0,0.0,0.1030185921279837,0.2582451371403049,0.38615384194019353,0.49692237643133946,0.5852767366439288,0.653916136031996,0.7141591920430949,0.7599852569755956,0.7795173370237908,0.7890954490207954,0.8967159490723596,0.9870594688381013,1.0,0.9363912228150683,0.8674533091946386,0.8405583224163098,0.8909326951102439,0.8986401116417227,0.8379635179848021,0.6962263649208751,0.6558953950530114,0.6762980997979365,0.6378217926560968,0.5725178682634421,0.46837117611397183,0.3568148460357802,0.4746684643739354,0.4900262266646294,0.45734904726170617,0.4108284487968279,0.37943278821523474,0.3246583929318392,0.20903812294928908,0.11034672005157088,0.1674801017079463,0.09127122202472522,0.10291696541708818,0.1446838953332128,0.10256017313996897,0.0,0.0,0.0,0.0,0.13562850092179216,0.16008698242848945,0.22828865916972887,0.2435144603520398,0.2770356729124184,0.3537374597110779,0.45787065755886075,0.5159973322836647,0.5179919409330312,0.4250273416661841,0.5308978425979308,0.5815079568434578,0.7692938717297335,0.9327388406520405,1.0,0.9980544129742303,0.9501411512393384,0.8699180608581029,0.7347318080540829,0.5228133462090336,0.6268548406496894,0.5905920166528584,0.6029672557752435,0.5767638435996757,0.48332164304754643,0.3402236919237161,0.2532951622746546,0.2024450383685551,0.2577705502838632,0.34757669229542465,0.35231575442182095,0.30425211816522285,0.23537725874040213,0.21305339853616698,0.19524476383361392,0.14061898835351525,0.0
0.0,0.0,0.13713024155654815,0.20920665508325018,0.2580214326831662,0.27720739578310427,0.24855527421073756,0.16227076836319612,0.2794725078671026,0.43266020952347983,0.5280784449567288,0.6101139901312567,0.6844028936814637,0.7175267068553466,0.699808070641703,0.6601085996007345,0.6251744548045155,0.6099845151458769,0.5046154045723398,0.639785583048512,0.8709760267941732,0.9870947093676917,1.0,0.9059796833546764,0.7560364503356019,0.7923063202746337,0.814304833844904,0.7423413244153831,0.6430538033662375,0.7281322767560447,0.8002785991389094,0.7957836711903191,0.7239361928371038,0.647480079517511,0.6254211559300795,0.5898120578275965,0.5427861099936978,0.5517990439636984,0.5613231473153509,0.5131408231338459,0.3874949305760184,0.20025915948965853,0.39200000882495467,0.3789773360080245,0.2942090490272386,0.30348492098143853,0.3043023481552476,0.2721883705936733,0.1932052003919808,0.0,0.1743935953784277,0.21846791188412376,0.18981687667312816,0.0868472017421727,0.1340412566734664,0.2648795343783312,0.3805347500220806,0.47504194497954916,0.5551566589125979,0.6026187969234501,0.5634203518555299,0.44679285716536915,0.5161355582951223,0.5402985560526051,0.6147451334697014,0.8218396939611345,0.9592583825142771,1.0,0.9517482162890548,0.8725920456183125,0.8217946636940591,0.7644253742521091,0.7310260116639757,0.7067908829318021,0.6246093146608941,0.585995571205399,0.5687053527867209,0.5442514544561583,0.6836028488187671,0.6957119015163352,0.6507020634794456,0.5429120136335113,0.32819150130015196,0.29367488068396225,0.2976638044298545,0.18547134163187753,0.10601172620518946,0.2500902676837818,0.30093591905464934,0.12050672913036967
0.0,0.14065025510581575,0.18987691655272343,0.2641639319473744,0.3284828902448618,0.3645555819915294,0.387223333926328,0.4192893422757879,0.4427470973394608,0.4617606433844659,0.4821201989607938,0.5083811523341661,0.39574382462399754,0.6054599276665533,0.7058252725509665,0.7612749532940488,0.785573971720836,0.7762704959321438,0.7399592760228901,0.6620210317252614,0.8736215460814168,0.9854522227332804,1.0,0.9304939373620745,0.8040579225483557,0.680663580347048,0.5862932583236968,0.5855900537832618,0.5938429790048133,0.5720501711713125,0.5943628812869054,0.5793191231798787,0.4837945643785982,0.38940664593664315,0.3297381844879085,0.21403991951576123,0.24122293432534084,0.16009465469333176,0.21599044532511588,0.13813889162116785,0.232778108388244,0.27658686947309924,0.23409367706714218,0.0,0.20378249666140688,0.0996692252322365,0.07470391132189587,0.1588653585996008,0.1766223845340307,0.1973524956482396,0.21045161969363407,0.1893267773092013,0.12906046825508916,0.14766655727871664,0.2474942463907806,0.3453375257465917,0.40084152254412336,0.40242982027227997,0.4912035314978606,0.5728605614419607,0.5686150213624289,0.4828778189394813,0.5839213066506196,0.6582150777899691,0.6821756797879636,0.8218085902216147,0.9571087170368111,1.0,0.9439575094391257,0.7088754959295952,0.7803103537001111,0.8081947087591352,0.794464297927708,0.7608070431759816,0.6993007329314592,0.6598647526627167,0.7029881488590497,0.6715909762476087,0.5964173574551938,0.5713469298624301,0.521290322406607,0.37081030320710534,0.40423181671027847,0.43147337726558926,0.45757406987570853,0.4293298505125199,0.3077520583615231,0.2397448854106433,0.29430451982933237,0.3125190720311859
0.0,0.152238838703839,0.26871507741434547,0.31504981776689084,0.327383407218362,0.3029078607011344,0.19819839266538078,0.2955303329822202,0.4365148513546389,0.4872164579572031,0.5293480670699356,0.5861346406497036,0.5916420604872416,0.6036352124316345,0.5556130989320085,0.7105734664001585,0.785440440914769,0.8119929709448487,0.8174746928992066,0.7449215131603789,0.8593892950464556,0.9892239336896618,1.0,0.9111539963063332,0.6952563687104514,0.5661842044331717,0.5558003999216977,0.41324789328965394,0.1982493114304951,0.2808277076127706,0.22638452219269548,0.11051223464076591,0.1664363596177475,0.15324952075540837,0.1444328695182196,0.128868876925532,0.0,0.0,0.0,0.0,0.0,0.0,0.0,0.0,0.08942075675098536,0.0,0.10447734353797296,0.11405432701685214,0.0,0.0,0.0,0.0,0.12958184345725957,0.1982756069236869,0.22298631268375904,0.0819566376267013,0.10709082427535649,0.3401556489220333,0.47755809253885495,0.5188930281786971,0.48712645462995724,0.37262277766300883,0.31666174255698876,0.5375413217109051,0.6112322816562918,0.774549825819749,0.9532059649647746,1.0,0.9363009348192293,0.7928607158671835,0.8097017344132899,0.7040194768071768,0.5430261519716937,0.645685938261329,0.5203411545054621,0.5328555813862479,0.5771591245746885,0.5399969793150599,0.4850778535826845,0.43379938764397236,0.44451776894762685,0.44867170266389284,0.3857205630569814,0.24521514428469446,0.0,0.0,0.19635305676579515,0.1942964052567358,0.11939321074452888,0.0
0.0,0.0,0.0933996369275696,0.250182450440842,0.32983706530284246,0.3505116287225455,0.35052906321868244,0.3314946086594617,0.2793787018971851,0.17317140418379823,0.43906617705581025,0.5049944541548346,0.535845201090981,0.70030008039732,0.6956450465456363,0.6167596654713597,0.6702284925496651,0.7747558041189277,0.808804866702664,0.7823330845507415,0.8687784278459875,0.9900680109212882,1.0,0.8793124161945979,0.6779548493854792,0.6765069866132475,0.540592043406212,0.5246831647992687,0.4384320371526988,0.3187456848179644,0.20131105696816,0.1414582890580459,0.1378918969200631,0.0,0.0,0.0,0.0,0.0,0.0,0.0,0.0,0.0,0.0,0.0,0.0,0.12349716233030344,0.175982542742414,0.22606248408196522,0.2745954719309844,0.3117542648080846,0.34426264648634836,0.36635532155383516,0.380549517723679,0.2171869073814357,0.4835305480002564,0.5782639188410411,0.5345287956957488,0.4302974810435012,0.6549183547835149,0.7597608792177313,0.818112238266541,0.8421284428530055,0.8371963226436802,0.8117512460090769,0.8511758035823874,0.8986988785387803,0.9648965984036543,1.0,0.9451138066931044,0.8645547789106227,0.808940654100196,0.6811718665133811,0.5503893266931577,0.43834285376306326,0.35352843246068394,0.2897852933280516,0.3211796365305996,0.29711305448230096,0.17777663069545643,0.11139392103410793,0.0,0.0,0.0,0.0,0.0,0.0,0.0,0.0,0.0,0.0
0.2512468199839874,0.28980903127683116,0.36145225648486223,0.3798834026425569,0.3316972908811081,0.2813817186580984,0.1922601784812652,0.34461959605613224,0.40989278209428215,0.4762636849908363,0.45415857786413477,0.6690944648772471,0.7832852046284609,0.799372225471031,0.6759943701808118,0.6363810897752556,0.7405495512022794,0.7763945002176984,0.7584097535989642,0.642213790488229,0.8362254972711128,0.9778509130153459,1.0,0.9200878808196455,0.7581118222798808,0.5545263762648207,0.5538305579503712,0.5682218415986017,0.4872392286464752,0.6003245666795601,0.5883964091396303,0.5118274861798697,0.3750882294620031,0.09718222450825646,0.13434617241947244,0.10151648338915255,0.0,0.18802157990929008,0.19465939528507367,0.1464581842886633,0.20117009385716295,0.24384668345440821,0.29989881867627377,0.34948080168599416,0.36105630697339297,0.28847935658645235,0.4266954576653375,0.4831917295981195,0.484524141393704,0.44859703640032095,0.3161756927808408,0.5291216915343981,0.6447208583539182,0.6480386786819875,0.5185417827119169,0.418163808386463,0.6255677357088377,0.7394468789948123,0.8062766018472585,0.8214030067040157,0.7649936378247499,0.546364077296333,0.7741115382079329,0.8530345616515502,0.8448022524267332,0.6546848851387462,0.9319801659741179,1.0,0.9577432778759865,0.8044668035961335,0.518850644798541,0.34351213766485506,0.47150846058996937,0.49954237235789084,0.3567505950964516,0.4039032521775276,0.44624602800494834,0.3705742911039304,0.18781061551094874,0.0,0.0,0.0,0.0,0.0,0.0,0.0,0.0,0.0,0.0,0.0
0.17571511254777006,0.19141821039408707,0.19821019943388324,0.29294102118179877,0.3732197954133112,0.34439328967152283,0.34910174845389985,0.3769523661185596,0.3299461282044261,0.4453891978243811,0.566751437760357,0.6024914089779411,0.600764182461945,0.55709447408784,0.6782213589673535,0.7552282959345482,0.7552928941039281,0.6674425078838494,0.653529697027012,0.7754235867564014,0.886664651726773,0.9901558271314144,1.0,0.9064716004839843,0.6481103858793089,0.6666260373426488,0.6900688108922949,0.7093514394010769,0.6963550053091431,0.6298722012937465,0.5299244498649972,0.47194867756160924,0.4276829863254641,0.29694113087100904,0.14694932330772018,0.16020407461973793,0.17382236328544326,0.15479638406803367,0.16236527648909835,0.12885776560950113,0.0,0.09253599265074418,0.1372695485075781,0.08153716459429458,0.17686084205672295,0.22687969986475498,0.30951947590174766,0.39035768617490074,0.359840609958166,0.4055770279250474,0.4822645491246469,0.5092636473030523,0.528492221064794,0.558770675069638,0.5663461564920654,0.5870630659035129,0.6673245417945907,0.7059328760454859,0.7369939512964309,0.7700681859086351,0.7096591390691622,0.6856954356401777,0.8467531820249001,0.9166886026298625,0.9278975266404884,0.8783764082446144,0.9461864386068418,1.0,0.9566929939329443,0.8188904653917445,0.6057557172001514,0.485788647536238,0.46850237294075514,0.487552446760739,0.4414049799934376,0.38418333421648304,0.3895966921208091,0.35520022736349066,0.2695179925888028,0.21831672683261125,0.1710204646283958,0.11708508434597212,0.0,0.0,0.0,0.0,0.0,0.0,0.0,0.0
0.0,0.0,0.0,0.0,0.22293841043491197,0.30764710151174773,0.32771297354000134,0.3486594010708756,0.32619546571653885,0.36662419744192476,0.4412814169383943,0.4816375225109839,0.5059022559773996,0.48394543017672664,0.6088897596408688,0.6482047646972211,0.5893892686761905,0.7863994440735698,0.8290243395110756,0.8179544519810226,0.8981414226848439,0.9885100075037097,1.0,0.9039854215608487,0.6560314951386131,0.40304836024871993,0.4889739471315513,0.39216135044160927,0.355678560378352,0.13808831158505164,0.20912575947156073,0.0,0.1702881640103713,0.13255209568504817,0.0,0.0,0.0,0.0,0.0,0.0,0.0,0.0,0.0,0.0,0.0,0.09172473325883215,0.16622150680933723,0.13675534287105165,0.10694059470056506,0.2523220983506239,0.2789424436148166,0.26428857296776986,0.288243691995427,0.3088279713721493,0.3107290652069874,0.2542361826355348,0.47671719047101535,0.5645208855477736,0.642380452030971,0.7050158605675311,0.7301648778982887,0.7099797249535983,0.68184962656747,0.6995720462827308,0.8374376972676069,0.9291565892046649,0.9787386046796963,1.0,0.9434548395820509,0.7910873702233125,0.5821670759508565,0.4909116308767298,0.4428161322694068,0.43095894514506217,0.3527249542839332,0.13004533172364405,0.1267365494701942,0.10123324751744164,0.0,0.0,0.0,0.0,0.0,0.0,0.0,0.0,0.0,0.0,0.0,0.0
0.0,0.0,0.0,0.0,0.0,0.0,0.0,0.0,0.0,0.0,0.06008583048385676,0.09110103823956489,0.19718016447354902,0.3087387584308598,0.3899942714765941,0.40896351799649483,0.4692703463221736,0.5618695186201367,0.6625568949403817,0.7758613711023621,0.9263067935735823,1.0,0.979498104267353,0.8440960180875015,0.4305426250366197,0.42986978763270606,0.45820619734692963,0.3653278507000424,0.22648271864794634,0.1937928959660425,0.10267463549694124,0.0,0.0,0.0,0.0,0.0,0.0,0.0,0.0,0.0,0.0,0.0,0.0,0.0,0.0,0.1146239689852893,0.08781880993724686,0.07632089465455102,0.0,0.0,0.0,0.0,0.0,0.1025423894708655,0.108225156314838,0.16262344864143927,0.28291128997614473,0.3131628212577622,0.2768781014821028,0.41596747610159823,0.5358460541758765,0.5977568388785509,0.6367217567351398,0.7161583182376108,0.8702369637042545,0.9604850581086543,0.9618228456558209,1.0,0.9560819728490577,0.7505952665307312,0.5830097704988045,0.421564040722263,0.308711029248312,0.271145409552032,0.17360823492685487,0.0,0.0,0.0,0.0,0.0,0.0,0.0,0.0,0.0,0.0,0.0,0.0,0.0,0.0,0.0
0.12594801437656425,0.09137030421295995,0.0,0.14418284766590464,0.13258323134775493,0.12600200667405687,0.3621041144559772,0.46981060580438383,0.5285118354599074,0.5500552132837198,0.5430087263449103,0.5596852416879253,0.6272657567178062,0.6756225509504987,0.6871086112370397,0.6640292585533516,0.6323916411557383,0.6179296197352692,0.5327218723865759,0.6639234287743688,0.8773319845309372,0.9874391789484577,1.0,0.9248499689237438,0.81541955330175,0.7459037572463887,0.541240414224637,0.7048846660584075,0.808880824190592,0.8171722832963749,0.8252815083598917,0.8504437970363682,0.8353960283639457,0.7611281413744021,0.5554477307859326,0.6759242754375313,0.6495973563016864,0.32840828043391374,0.5360405590986013,0.5493981937495459,0.5169402958461542,0.3849646801823484,0.3747275336301228,0.38076855698385725,0.21381940060806498,0.40347622447938797,0.4036551021493643,0.3211003968752265,0.1892250229330608,0.21252798047810284,0.2110968650311464,0.23413360033880726,0.3146781455269484,0.3862989337803425,0.4138940854855484,0.4029357082948244,0.3976041312185792,0.43905925898741593,0.4714287515634589,0.47854457135919715,0.46945660493658276,0.5233985608616831,0.5781474216005389,0.5740759409761129,0.5538210638294437,0.7988231985199414,0.9509970654577088,1.0,0.9554996654808187,0.8207179970625175,0.8823512967183871,0.9317545343639596,0.9422985464356595,0.933989204635766,0.9001589764963158,0.8380215255175175,0.7545118497578044,0.7012871749471706,0.7354862273179829,0.7425926259714278,0.7099509357254784,0.6850914549640456,0.6627636322382028,0.6034405071977053,0.5374477058859384,0.5055573284091756,0.47668487734209214,0.43270529981945266,0.39244043827312486,0.474069392232011
0.2533443488882373,0.2982164577656283,0.2571316792802159,0.2751271570857072,0.29211682988621973,0.38561429012570625,0.5134297233351945,0.5388474765015119,0.5129290091465247,0.5993296139312654,0.6413920351854795,0.6354543614658203,0.6462212467347065,0.6298637329359673,0.5108379486413106,0.5333993584705646,0.5332104149711515,0.6105934259620749,0.7297333502971305,0.8212593968881289,0.9213596999730065,0.9969500748502526,1.0,0.9158410420591495,0.7442084862313517,0.5656751101746743,0.6963610733423493,0.7878140573781582,0.7916168488692247,0.7330692821938896,0.6485579987803196,0.5768208815655198,0.518799369201236,0.48561676398960474,0.49263408653651347,0.5437000050870632,0.5991389054528745,0.5723605693180944,0.44096955318228637,0.3677798783863512,0.4831569346436212,0.5221022946493601,0.45560059069991804,0.24856800771068757,0.3869191425294011,0.4737806560560868,0.46112276123191154,0.36644049460798334,0.0,0.3178535013451001,0.43178664629904795,0.5102383164579681,0.5427735136250919,0.4804099213678729,0.4240346218306261,0.5563695687676131,0.477547092351271,0.4533273607015621,0.5519171800221112,0.5554075368835627,0.5078017914978109,0.4835396456261491,0.5609442687039287,0.5346155310803921,0.509768222513853,0.8025404551442838,0.9613909127258523,1.0,0.9324299170348336,0.7737503152102929,0.5964491241618963,0.61005334500901,0.5864087234224219,0.579440068144459,0.723460674534271,0.8273293485681686,0.8713372118826198,0.8739290361344689,0.8622725581301314,0.8486472047987067,0.8152459350922406,0.7251586824531718,0.7039461690498436,0.7375798309546647,0.693065201930388,0.5246068848374552,0.4314928511415154,0.4386907751864526,0.41091150018144856,0.6151070005402113
0.0,0.0,0.0,0.07810325203935853,0.0,0.11852346900130575,0.15158313961729145,0.10990635393473935,0.1600247147668303,0.300987891128225,0.38905062164889614,0.4200852240571979,0.45122270884535465,0.5580034881207373,0.6305885477910138,0.6698991542810318,0.6639122809282698,0.599773695672833,0.5878250783099852,0.7394217957664067,0.8872181689353875,0.9858408955842067,1.0,0.9257001157358979,0.8089801287457564,0.7514684073750015,0.723201798257973,0.7054192429975678,0.6679161208872958,0.5732151198128634,0.4490673442376942,0.5806552015798904,0.5777251006014735,0.5202076607070106,0.40681410339151575,0.4609676746588103,0.48932582936571384,0.4472235976097849,0.2702222663670612,0.386038644328421,0.4241418430573453,0.3205340248565108,0.2782246033972339,0.25493403938337134,0.2121094280007707,0.14979475556646274,0.12017759062056499,0.1639979171867845,0.16590109056506927,0.15132740929814933,0.09979473006434991,0.14335402685069595,0.08460071556280312,0.19528559914496535,0.28706957112484766,0.3123658962200261,0.4294817305399856,0.5150316875615003,0.5732414110776345,0.5801438402962819,0.5616886580121375,0.5520607669217369,0.5104071141508667,0.5481367108202472,0.7544445233183935,0.826730546942736,0.9112019855504635,1.0,0.96943977529431,0.7794956030187972,0.753836572462573,0.8349282650654279,0.8659669371037948,0.8671768730047268,0.8216300463229331,0.6501093481253924,0.5984809872735952,0.7134527949157711,0.7665006257277768,0.7219657100986748,0.6936175503358772,0.7059702505495093,0.6789135315138184,0.6351817951648888,0.6454187269502167,0.6631674636785664,0.6287475135150595,0.48072704478201417,0.41235981810282707,0.4259463856165749
0.0,0.0,0.0,0.08410706096639961,0.0,0.0,0.0,0.07254655967649738,0.10705282789737598,0.09323038459733136,0.06682262565280682,0.10660526838083718,0.18939571727441137,0.24134122266870528,0.319914244681602,0.4513139731385986,0.5794093791284393,0.6698320493878914,0.7029952489531549,0.6817423133029481,0.8772901111145556,0.9876787885790125,1.0,0.9260339465385314,0.8019063392107108,0.6903895151060803,0.6229483195746492,0.5708554641219317,0.43490946286803966,0.3453115580260884,0.4119367799184523,0.2453454757470033,0.23082730774821733,0.16337730983567123,0.15941745082634715,0.26944139796673344,0.2926333224677564,0.24402645708445592,0.13433388429041832,0.0,0.0,0.15532205806605878,0.15969752302972476,0.09846529152063892,0.0,0.0,0.0,0.0,0.0,0.0,0.0,0.0,0.0,0.0,0.0,0.06820510928779318,0.0,0.0867389930814825,0.17717028329749024,0.25897453410683896,0.38094574605826986,0.4942839475424927,0.5694053895419188,0.5958527341977188,0.47516348375544143,0.7974901473429108,0.9550416000892501,1.0,0.9507351199839043,0.8221671756257375,0.74086402747755,0.7181930117243701,0.7021469721277839,0.7421800173453248,0.7383242977271632,0.6699504863639391,0.3537637400498163,0.57502618639538,0.5650846180428214,0.4309904514963241,0.09137576071185763,0.3467664276032661,0.3565771115624601,0.34238765997709,0.352931555434342,0.32777860170884277,0.26485780550255605,0.2016729684359613,0.17690400273622792,0.23057488029774054
0.0,0.09077573060783753,0.08148128197798234,0.0,0.0,0.06540388385192583,0.06991985387450649,0.07859901315935792,0.09280673826309965,0.0,0.0,0.0,0.0,0.10282696200628591,0.0,0.10380540474385695,0.23775661281929045,0.2074888550207633,0.42100775910120636,0.6694586867809588,0.8856388469496121,0.9958382340362175,1.0,0.902189589312699,0.7238377018814387,0.613084686253144,0.5618230323887031,0.4959567898960824,0.42325771473091045,0.3372514019713027,0.25598585005751506,0.20347220449791173,0.14192414757304717,0.0,0.0,0.0,0.0,0.0,0.0,0.0,0.0,0.0,0.0,0.0,0.0,0.0,0.0,0.06148453837419155,0.10427426412896248,0.13118312020118927,0.11825072947818463,0.07830769648996747,0.0,0.0,0.0,0.0,0.0,0.0,0.0,0.0,0.06287808284368347,0.0,0.08916192563282235,0.3630885739345212,0.4788367812609534,0.7495635341756418,0.9428729787854793,1.0,0.9524045713986347,0.7769519494183514,0.560752900291127,0.5354219232165182,0.5253852656345194,0.49712899271434713,0.44666540272161326,0.3902406359392356,0.3157664312176152,0.21254792877078824,0.3021040488687687,0.3071833954125158,0.2531128897530203,0.10681902300328192,0.0,0.0,0.0,0.0,0.0,0.0,0.0,0.0
0.0,0.0,0.0,0.07951178892932806,0.0,0.0,0.0,0.09083071925138594,0.1279728103905554,0.13177706706945067,0.12385170616471668,0.12951696219403466,0.1134249953588108,0.0,0.0,0.08989834535739884,0.14421391773605527,0.11451579971314753,0.1356860583082082,0.586789896172183,0.8611895698032763,0.986250391294772,1.0,0.9073919036224372,0.6897709820592469,0.2860333310438815,0.1638929528756419,0.13711974372100416,0.10594723598775395,0.0,0.10621805647024686,0.14639304392931216,0.1257251194791732,0.11026998049478114,0.08583323730766712,0.0,0.0,0.0,0.0,0.0,0.0,0.07897017558303923,0.07256516282333131,0.0,0.0,0.0,0.0,0.07754995869151782,0.0,0.0,0.0,0.0,0.0,0.0,0.0,0.0,0.07636586003516105,0.09718847501970597,0.07588658945018736,0.0,0.0,0.0,0.10424074396105878,0.20620134766100776,0.4932733197155144,0.7976784420706619,0.9503127045309018,1.0,0.9570235373267026,0.8120863193676465,0.5263690783518412,0.1880278919499636,0.1309828844039646,0.19613658778631843,0.17230279291739936,0.0,0.07284888662478298,0.0,0.0,0.0,0.0,0.0,0.0,0.11086604487289924,0.12047471112339488,0.07657410583398476,0.0,0.0,0.0,0.0
