0.0,0.0,0.0,0.0,0.08025109111695884,0.09784164711363064,0.05519163941715285,0.0,0.0,0.0,0.0,0.0,0.0,0.09112515601492747,0.10843110727183351,0.0,0.05869410415456987,0.14384153274589498,0.19393926647610715,0.5952712101522247,0.8478000479927896,0.9712240066417618,1.0,0.940250988767945,0.7777516527502665,0.448231636857169,0.05371190818216456,0.0,0.0,0.0,0.0,0.0636279391049925,0.0873231497707436,0.07740801272416402,0.0,0.0,0.0,0.0,0.07317803654490648,0.0,0.0,0.0,0.0,0.0,0.0,0.05402914928396191,0.09555889383570396,0.0675043135796097,0.0,0.0,0.0,0.0,0.0,0.0,0.0,0.0,0.0,0.0,0.0,0.0,0.0,0.0,0.0,0.0,0.392720191838654,0.7519675160048794,0.9296541736436215,1.0,0.9802537956993936,0.8665129306420741,0.6290407783379489,0.17587190265842825,0.0,0.0,0.0,0.0,0.0,0.0,0.0,0.0,0.0,0.0,0.0,0.0,0.0,0.0,0.07089398844801001,0.07124560614625038,0.0,0.0
0.0,0.0,0.0,0.0,0.0,0.0,0.0,0.0,0.0,0.0,0.0,0.0,0.0,0.0,0.0,0.0,0.0,0.08288134669512218,0.15318912253129877,0.5758356011827547,0.8392603598338095,0.9690592013937809,1.0,0.9383294426333046,0.7686412527380904,0.4210496093672226,0.0,0.0,0.0,0.08735579163802822,0.09981164278645169,0.058248569578888666,0.0,0.0,0.0,0.0,0.0,0.0,0.0,0.0,0.0,0.0,0.0,0.0,0.0,0.0,0.0,0.0,0.0,0.0,0.0,0.0,0.0,0.0,0.052156886469479816,0.0,0.0,0.0,0.0,0.0,0.0,0.0,0.0,0.07812374744057633,0.4040015828344397,0.7579418250728396,0.9312834268462293,1.0,0.9805563564300601,0.868743262433899,0.6333361048481481,0.13247446660577222,0.05275858153857035,0.0,0.0,0.0,0.0,0.0,0.0,0.0,0.0,0.0,0.0,0.0,0.0,0.0,0.0,0.0,0.0,0.0
0.08738838402043736,0.07986371611172924,0.0,0.0,0.0,0.0,0.0,0.0,0.0,0.0,0.0,0.0,0.0,0.0,0.05702594461505389,0.05684822827768679,0.0,0.0,0.09849582613377728,0.5622333902167718,0.8339994542798544,0.9668429995461978,1.0,0.940986365237117,0.776631947193473,0.4523211541724494,0.0,0.0,0.0,0.0,0.0,0.0,0.0,0.0,0.0,0.0,0.0,0.0,0.0,0.0,0.0,0.0,0.0,0.0,0.0,0.0,0.0,0.0,0.0,0.0,0.0,0.0,0.0,0.0,0.0,0.0,0.0,0.07851557376006006,0.10628010303637732,0.1025163382134875,0.0,0.0,0.06891748408301344,0.08638833784127885,0.41164913765515876,0.7575538706988594,0.9309484188641837,1.0,0.9810561183696964,0.8701331987252008,0.6374655304359907,0.1787821385035331,0.0,0.0,0.0,0.0,0.0,0.0,0.0,0.0,0.0,0.0,0.0,0.0,0.0,0.0,0.0536023498386931,0.06870350994755198,0.059103783652951214,0.0
0.054262786961311905,0.0,0.0,0.0,0.0,0.0,0.0,0.0,0.0,0.0,0.0,0.0,0.0,0.0,0.0,0.0,0.06063373686294915,0.14161940783425836,0.14304971612826994,0.5800772784526048,0.8407540624789259,0.9689508882465943,1.0,0.9401615176848214,0.7751549839726872,0.44098760448312363,0.0,0.09041615284050064,0.05139637238379091,0.0,0.0541774975814429,0.06160553795412424,0.0,0.0,0.0,0.0,0.0,0.0,0.0,0.08665701158207113,0.05593413420255729,0.0,0.051411596579806124,0.0,0.0,0.0,0.0,0.0,0.0,0.0,0.0,0.0,0.0,0.07077195014259378,0.0,0.0,0.0,0.0,0.06382990219918601,0.05929978880661361,0.0,0.0,0.0,0.0,0.4141201531011957,0.7569204325584854,0.9306527141909253,1.0,0.9812746682028479,0.8704301209909888,0.6369023306183746,0.12562244689826235,0.0,0.0,0.0,0.0,0.059552392581912354,0.06440853314231271,0.0,0.0,0.0,0.0,0.07339987051207515,0.07310546282618306,0.055000253844846754,0.0,0.0,0.0,0.0,0.0
0.0,0.05357469143062965,0.05575624416566984,0.0,0.0,0.0,0.0,0.0,0.0,0.0,0.0,0.0,0.0,0.0,0.0,0.05516218762914316,0.09003638232848986,0.056870396090786555,0.0,0.5710476370033815,0.8372874855586313,0.9673456178283072,1.0,0.9425566519474948,0.7824340503104052,0.4673703174929257,0.0,0.0,0.0,0.0,0.0,0.0,0.0,0.0,0.07690199581622292,0.0655757394805766,0.0,0.0,0.0,0.08095530042407223,0.08016512618406577,0.0,0.0,0.0,0.0,0.0664582069239133,0.0,0.0,0.0,0.0,0.0,0.0,0.0,0.07050530352380684,0.11385602122251241,0.11147761714296589,0.06990263610599819,0.0,0.0,0.0,0.0,0.0,0.0,0.0917891713496362,0.4163611186448638,0.7575376731210789,0.9308392067711719,1.0,0.9811222118542847,0.8701103754461875,0.6362310443183742,0.07959399484795032,0.0,0.0,0.0,0.0,0.0,0.0,0.0,0.0,0.0,0.0,0.0,0.0,0.0,0.0,0.0,0.061960224559810866,0.06351427314499189,0.0534714088566658
0.0,0.0,0.0,0.0519079314388353,0.0,0.0,0.0,0.0,0.0,0.0,0.0,0.0,0.0,0.0,0.0,0.0,0.0,0.0781995809528249,0.11505178821945342,0.5694628277273649,0.8371489633170305,0.9670130395069448,1.0,0.9436749231814991,0.7862895957522082,0.48575619785512436,0.13913559873874956,0.0,0.0,0.0,0.06159622409626225,0.08552737693637875,0.0,0.0,0.0,0.0,0.0,0.0,0.0,0.0,0.0,0.0,0.0,0.0,0.0,0.0,0.0,0.0,0.0,0.0,0.0,0.0,0.0,0.06190898855936442,0.0,0.0,0.0,0.0,0.0,0.0,0.0,0.0,0.0,0.0,0.39740750173473294,0.7566429353160747,0.9309681624285066,1.0,0.9807853394074901,0.8692154919979524,0.6337899663444471,0.08065087562586394,0.0,0.0,0.0,0.0,0.0,0.0,0.0,0.0,0.0,0.0,0.0,0.0,0.0,0.0,0.0,0.0,0.0,0.0
0.0,0.0,0.0,0.0,0.0,0.0,0.0,0.0,0.0,0.053943882383618184,0.10682763110101866,0.06560193081818474,0.0,0.0,0.0,0.059648749210313566,0.0,0.09609030035033,0.13097757584172748,0.5808343471170205,0.8423439197841874,0.9693467088748509,1.0,0.9413978750884202,0.7814259954331775,0.4744445651835966,0.06010985362333832,0.0,0.0,0.0,0.0,0.0,0.0727181757552746,0.09632697122152824,0.060573762468606004,0.07320819978424672,0.0727937403250134,0.0,0.0,0.0,0.0,0.0,0.0,0.0,0.0,0.0,0.0,0.0,0.08107724345640092,0.06362809234808751,0.0,0.0,0.0,0.06826957758684922,0.09072615705435515,0.09888798299341488,0.0,0.0,0.0,0.0,0.0,0.0,0.053485677057392614,0.0530407937418654,0.42272243202866006,0.7630886667331724,0.9330435388997774,1.0,0.9798845841855879,0.8684366022493061,0.6349316878025247,0.15565775808283006,0.06786119997060087,0.0,0.0,0.0,0.0,0.0,0.0,0.0,0.0521468324510816,0.07129657105432143,0.08309719134731082,0.09292995996563694,0.08614343653927349,0.058367449345574175,0.0,0.0,0.0,0.0
0.0,0.0,0.0,0.09621893731355517,0.10984867104024616,0.11312644320694007,0.0855928111803858,0.0,0.0,0.0,0.0,0.0,0.0,0.0,0.0619307687647836,0.0,0.0,0.15463694868436945,0.1427626049471913,0.6072428390183552,0.8613514636278282,0.9797588726730294,1.0,0.9272973251973957,0.7438187960908024,0.3769112871740503,0.0,0.0,0.0,0.0,0.0,0.0,0.0,0.0,0.08664945321777219,0.07981831964218705,0.0,0.0,0.0,0.0,0.0,0.0,0.0,0.0,0.0,0.0,0.0,0.0,0.0,0.05152258540862978,0.0,0.0,0.0,0.06525585111388023,0.11671230156391249,0.11333997523757211,0.05434103557921805,0.0,0.0,0.0,0.0,0.0,0.0,0.0,0.46383513057113096,0.7753830210938958,0.9371854225739732,1.0,0.9773297990071899,0.8641932055320884,0.6298037323935712,0.16496528104217992,0.0,0.0,0.0,0.05022648926496114,0.0,0.0,0.05956650394063287,0.05254239009673854,0.0,0.0,0.09551164783064196,0.093677431479625,0.0,0.0,0.0,0.0,0.0,0.0
0.0,0.0,0.0,0.0669136921010482,0.06582486041833585,0.0,0.0,0.0,0.0,0.0,0.07342062445244887,0.0,0.0,0.0,0.0,0.20388411433945772,0.3645457345257835,0.5161575386206424,0.6507825732117213,0.7542002480749157,0.8752100452423546,0.9829467299926575,1.0,0.9189864236190731,0.7218930326244002,0.4929149033919073,0.29476538333255364,0.0,0.0,0.0,0.0,0.0,0.0,0.0,0.0,0.061449014293534845,0.0,0.0,0.0,0.0,0.0,0.0,0.0,0.06714961468917043,0.0,0.0,0.0,0.05329130123433921,0.08071572883664571,0.0,0.0,0.0,0.0,0.0,0.0,0.0,0.0,0.0,0.0,0.0,0.06769592892764435,0.18071195116032793,0.2986334127271233,0.3052723491405842,0.5453803330991065,0.8000412577625808,0.9441632224757079,1.0,0.9757475749175435,0.8646388346405728,0.635331388939764,0.18287012263726163,0.0,0.0,0.0,0.0,0.0,0.0,0.0,0.0,0.0,0.0,0.0,0.0,0.0,0.0,0.0,0.0,0.0,0.0
0.0655175698075086,0.0,0.0,0.0,0.0,0.0,0.0,0.0,0.1048828758400545,0.1687665442373421,0.24412718502771524,0.3064303230058826,0.2801334894037007,0.17619550402394624,0.35705143704547637,0.5342580774403947,0.5603137007470868,0.5601394890584536,0.698507458799573,0.7932021062384793,0.711534678073708,0.9067026350664399,1.0,0.9849706136692318,0.8751246372434895,0.6010710362158611,0.644339083144999,0.5754335238968984,0.3850985975345156,0.31037901085303715,0.2657091996337675,0.12036957351285484,0.0,0.0,0.0,0.0,0.0,0.0,0.0,0.0,0.0,0.0,0.0,0.0,0.0,0.0,0.0,0.0,0.0,0.0,0.07327622606785661,0.08319348128583189,0.0,0.0,0.0,0.1092891400165607,0.1376765976309846,0.15337915551259293,0.28394644855909834,0.37159579850984426,0.3588724698083314,0.39950775426124574,0.384251752501299,0.6627416465848914,0.8112987729011695,0.8774121511749674,0.9528344805169463,1.0,0.968736170246516,0.8312210702813673,0.43970944440506593,0.42342361580896526,0.22242579533929724,0.0778733918457626,0.0,0.0,0.06512399586805953,0.0,0.0,0.0,0.0,0.0,0.0,0.0,0.0,0.0,0.0,0.0723245278502698,0.0,0.0
0.0,0.0,0.0,0.08098418893982491,0.13677984756239275,0.2184624813218502,0.2686486154771757,0.30558938269387254,0.28961205615951024,0.27524697963471384,0.3042931808883458,0.4227063975085058,0.4798841655072376,0.3803368526921712,0.5550606605977755,0.6941280806695301,0.748854712628501,0.6759116857291512,0.6986567801914043,0.7970870448505734,0.9008318712311993,0.9820667571555055,1.0,0.9349966543496662,0.7437434939211531,0.5730724311220037,0.7377668560794314,0.7313351916453388,0.6473892856806195,0.5411639438760215,0.480750697162032,0.4258239642716956,0.3470429056651453,0.2494858043599579,0.14329833230835667,0.0,0.0,0.1066461676197979,0.09868231740832219,0.05891710982846397,0.0,0.0,0.0,0.0,0.0,0.08822718755625315,0.0,0.09011192829730236,0.12198899267500529,0.12518411317619946,0.18147237411478423,0.23033636692034923,0.2456407111000496,0.24447430097937897,0.3335199135448489,0.4015618663794099,0.4255982489264843,0.45138205313078916,0.4935798002625689,0.5424313546176336,0.5976883968000541,0.6470984104998814,0.6807748450591272,0.617329906809534,0.7908520997587104,0.9088973365756559,0.968276604758734,1.0,0.974528363447891,0.8649376294638408,0.623598972853961,0.4854431084147707,0.41435739588528625,0.3559350969702027,0.28908504699887516,0.190737286587872,0.05865197837513992,0.0783070139652988,0.07217852057320005,0.0,0.0,0.0,0.0,0.0,0.0,0.0,0.0,0.0,0.0,0.0
0.19988152492072297,0.21025653204501013,0.18275878180520558,0.11760395083113981,0.07450955843712931,0.29980227355470473,0.4163406368580443,0.3991226309994091,0.33275643949899236,0.48833030622271917,0.5407956151150103,0.520454437516493,0.5104263768106166,0.6182996741095419,0.6317205872958511,0.508877067458602,0.7410292364465533,0.8428579861822718,0.8654409664635937,0.8953662997589934,0.9322694390355735,0.9513426839486622,1.0,0.9742496114060148,0.874747205711589,0.7667653283620719,0.7135619144635419,0.6478881591558777,0.5013411829357626,0.27527988997296415,0.24358472272611886,0.2354426916516027,0.21921948683993334,0.15931955220011268,0.11672095982309387,0.057821072145097685,0.0,0.0,0.0963965389349719,0.11068771863421843,0.0,0.0,0.07002506155545914,0.0,0.0,0.10638696794381097,0.15886633589899404,0.09094722961655216,0.15554522465938117,0.2386124279194781,0.22608600048318817,0.1682187597924803,0.251255422457729,0.3799277905548465,0.46417170478143305,0.4939827984642341,0.4941900255273352,0.49113697956880614,0.4676617465691496,0.45903832394241373,0.48041226443855706,0.6874130803345995,0.7367093425169299,0.7297941330634323,0.8580998228234656,0.8783474802443778,0.9465607329930619,1.0,0.9754782978996756,0.8576155262065371,0.6421496529545258,0.5381761993619072,0.45447132798947276,0.3501982671141522,0.26030635059040663,0.1679810492106313,0.08659127371302826,0.07261874843154338,0.0,0.10851214616637868,0.11852549575374406,0.05983704382933309,0.0,0.0,0.0,0.0,0.0,0.0,0.0,0.0
0.2033559222444019,0.22323963751466894,0.07204524362825973,0.2140087418274924,0.27191638238402355,0.2891817352122872,0.40706109180578454,0.42849149067449915,0.5309788722287309,0.5973791289498878,0.5889693931730353,0.49432059820170005,0.46488155048654795,0.5173229076880534,0.6003680092130143,0.7248009307535804,0.677380316338614,0.838420293122551,0.8426518510649269,0.8241937052072783,0.8979628155843656,0.9759201703346796,1.0,0.9473523446004152,0.8288258469858841,0.6943785518862019,0.5695340591931515,0.43650259542401915,0.43211343359061766,0.4356761685029574,0.3804463637830927,0.2874357814430065,0.21940129068855163,0.1559315462371355,0.0,0.0,0.0,0.0,0.0,0.0,0.0,0.0,0.07438462534305294,0.08005724034792903,0.11097552283143215,0.09601102949963494,0.0,0.0,0.10023208583894389,0.07795028693435813,0.16512448807801247,0.30923700445226815,0.3982451619267845,0.40287556312888595,0.38934229008051424,0.4781047120092609,0.5218932933881908,0.5303795977474698,0.47022082050199837,0.4534605360623318,0.6647324035417609,0.7847547932662783,0.817599200931158,0.744507914020938,0.7539439635924254,0.6447808287730435,0.9112606087093836,1.0,0.9825245893907548,0.8703518563577485,0.659065661556206,0.50575025872613,0.4668229265078772,0.397261132191471,0.2822880265939854,0.06602799886882973,0.0,0.10289798723018304,0.06693249299240975,0.0,0.0,0.0,0.0,0.0,0.0,0.0,0.0,0.0,0.0,0.06623654897547004
0.20012332626660984,0.24437127381628282,0.2597430759332362,0.25969941302787136,0.2698852218506927,0.32809027603151464,0.3958476918553018,0.43082442919096237,0.45305155776169537,0.4819992638750683,0.48677659536142065,0.4957120915113155,0.5524732553355702,0.6267313709921674,0.7109734505699956,0.7766128626993939,0.8474916524068588,0.9195954210926226,0.933864023656219,0.8751284951323682,0.870446271749204,0.9715091950704186,1.0,0.9393494145063479,0.7736256804589401,0.5864825413864176,0.4906151003898116,0.42657168981164745,0.33741346498523067,0.21086287231716866,0.13591978227892548,0.09714282588920359,0.0,0.0,0.0,0.0,0.06178888078603735,0.0,0.0,0.0,0.0,0.0,0.0,0.0,0.0,0.0,0.13396016810902744,0.1750560711463294,0.16700768509716685,0.12164294889547082,0.06651074302870556,0.18386011148526213,0.24239914004769952,0.19912292894146497,0.2675072631017851,0.4091478038838101,0.44343876164730395,0.4516012975185821,0.47205159750837583,0.5467982650690697,0.6288590755549209,0.6467950222837808,0.38255834509696385,0.6554608044252184,0.6886609795796136,0.808982470990213,0.9363106202151821,1.0,0.9811146766529837,0.8687529420570899,0.6270881203849886,0.4758667338851545,0.365097659981599,0.24762270046390958,0.24807062673705887,0.14781730656707917,0.08670738438866388,0.0,0.0,0.0,0.0,0.0,0.0,0.0,0.0,0.0,0.0,0.0,0.0,0.0
0.0,0.0,0.0,0.0,0.0764969205482703,0.10758576907076477,0.13260305811134307,0.16133618452535675,0.17165370945935546,0.1692107387553639,0.22765195050155804,0.3181830820084585,0.38426002695891176,0.42849174523866956,0.4588581161507165,0.30130148260886497,0.5131543739736464,0.7009199480746698,0.8331768366454555,0.8798075069136266,0.9165267092950626,0.9804292537056143,1.0,0.9402796862802262,0.7799292759459628,0.45846608169080816,0.24725302978531258,0.13555180393007402,0.18967548466140285,0.16096167230194772,0.0721502982940431,0.0,0.0,0.0,0.0,0.0,0.0,0.0,0.0,0.0,0.0,0.0,0.05557053175105579,0.10295067100185273,0.11626418135505513,0.0,0.0,0.0,0.0,0.0,0.0,0.0,0.0,0.08748506206688735,0.10972285173773925,0.14682585372933846,0.32271301648874723,0.40632449850917585,0.41583106088361876,0.3505180214233614,0.35569416899625717,0.5531801333634982,0.6721674042353523,0.7639173803126595,0.8200593443143707,0.8024128458947959,0.925400653845579,1.0,0.9809577997399704,0.8692566616372007,0.6406872578184476,0.2818111748995069,0.23930918065870904,0.20235137124705577,0.1530251857947805,0.083898140999593,0.0,0.0,0.0,0.0,0.0,0.0,0.0,0.0,0.0622108420833125,0.0,0.0,0.0,0.0,0.0
0.0,0.0,0.0,0.05908323471809132,0.0,0.0,0.0,0.0,0.0,0.0,0.08352445155442377,0.13426069333536833,0.07049625301268143,0.21048128916978584,0.32586993123108915,0.3490931744981274,0.4329394676588957,0.5575645795209496,0.581557428955044,0.7661241431455429,0.9027774691498462,0.985045654471228,1.0,0.938349330576982,0.781258024851904,0.4567140361833734,0.22172230053527203,0.14746606127180925,0.1004699176242226,0.0,0.06939843038154313,0.07374948257860817,0.0,0.0,0.0,0.0,0.0,0.0,0.0,0.07660284590588318,0.0967764826663169,0.059026653348543456,0.0,0.0,0.0,0.0,0.0,0.0,0.0,0.0,0.0,0.0,0.05772869930504925,0.06807464125970145,0.0,0.0,0.0,0.1108042051802786,0.0,0.0,0.14841780443313776,0.3180601047916129,0.41886184777865687,0.479146499140568,0.5742905119249323,0.7141296598625928,0.9252700603645614,1.0,0.9758674032145234,0.8459063318583733,0.5686153358779478,0.3954399021698608,0.13799483815121097,0.06608004952373762,0.0,0.0,0.0,0.0,0.0,0.0,0.060274665247351616,0.0,0.0,0.0,0.0,0.0,0.0,0.0689652390231374,0.07138787379286675,0.0
0.10084683178934434,0.0,0.0,0.0,0.0,0.0,0.0,0.0,0.0,0.0,0.0,0.0,0.06053378707525349,0.07079663789618561,0.0,0.09947066713733195,0.23526635704141913,0.3821223706135763,0.4675619891763016,0.6070703931147253,0.8437187721103641,0.9661697669594225,1.0,0.9505218733153102,0.8093851113745496,0.5256290239358311,0.3226672005260499,0.24175558851357346,0.192658529991968,0.0,0.13328786304452972,0.12542959157324846,0.06524426575454265,0.0,0.0,0.0,0.0,0.0,0.0,0.0,0.06385614162807392,0.0,0.0,0.0,0.0,0.0,0.0,0.0,0.0,0.0,0.0,0.0,0.0,0.0,0.0,0.0,0.0,0.0,0.0835649558021922,0.07621349336471485,0.057796202329187904,0.0,0.14761796714949849,0.2701400700244303,0.3084214904097995,0.7524812335864469,0.928640865073879,1.0,0.9864306198799607,0.903813627062366,0.8417965354126189,0.7737632256235977,0.6488637070212787,0.4615048320396967,0.3302085904474068,0.2606239410197894,0.18690833739268325,0.1153867413980062,0.0,0.0,0.0,0.0,0.0,0.0,0.0,0.0,0.0,0.0,0.07477440767568566,0.0
0.0,0.0,0.0,0.0,0.0,0.0,0.0,0.0,0.0,0.0,0.0,0.0,0.08030113561072981,0.16285233707629287,0.2300635751635532,0.298193403802631,0.4113248725657862,0.4689343590964695,0.5386365044486892,0.6362838207781133,0.8561319327687116,0.9778197251417997,1.0,0.9349661632730922,0.7948704318593145,0.6556878429846367,0.6204560124538971,0.5541434669368518,0.41694945321490223,0.20074313212977465,0.08393451554952315,0.0,0.0,0.0,0.0,0.0,0.0,0.0,0.0,0.0,0.0,0.0,0.0,0.0,0.0,0.09594648485487037,0.0,0.0,0.0,0.0,0.0,0.0,0.0,0.0,0.0,0.0,0.0,0.0,0.0,0.09790695042635265,0.17447891438706406,0.19072374535323627,0.27642196794113877,0.3764795912102959,0.4380616818299454,0.7545777554222797,0.9311061642338048,1.0,0.9794950412039795,0.8666328379368868,0.7743585253443236,0.8104751323354508,0.7973892263215696,0.729170052374338,0.6326210940868612,0.5508351475806746,0.4883871031934317,0.4039046510276321,0.2806726158984064,0.12082768014662623,0.0,0.0,0.0,0.0,0.0,0.0,0.0,0.0,0.0,0.0
0.0,0.0,0.0,0.0,0.0,0.09376852523446234,0.0,0.0,0.0,0.0,0.13671065020405737,0.20710765723771551,0.2765164255296291,0.39038136010483526,0.49214842408239945,0.5636686299214616,0.6167245834484422,0.6674663696757911,0.7249600030356881,0.7741331830335794,0.8472118531970477,0.9620254661888414,1.0,0.9560270730613977,0.8318364214103704,0.6522169639252542,0.5115181442614861,0.4061214373576147,0.4458910082579377,0.3902221827167112,0.3353212099643324,0.31917741227830426,0.23981389094106978,0.2035590350307823,0.1655534683919496,0.11271294574395253,0.10148745928291508,0.10313110352224712,0.10024795106961644,0.08157876239075304,0.0,0.0,0.0,0.0,0.07301312259773106,0.0,0.0,0.06065043976717766,0.08157389371085946,0.0,0.0,0.0,0.0,0.0,0.0,0.0,0.0,0.0,0.08144754162362394,0.08805587858989733,0.08288039125750761,0.2513887166820999,0.28019636827357497,0.4417829198799129,0.5422404163899851,0.7609976986113937,0.9323617354857104,1.0,0.9769581811192425,0.8509468672377027,0.6511832158008256,0.7697679738983577,0.8299150471173168,0.8065848380241853,0.6950849208477197,0.49902554717926695,0.575029724835885,0.501222135440373,0.400609639581256,0.3772684414505082,0.38933123545553167,0.3620522898635724,0.3644304319485365,0.32441496160004385,0.21713005295387675,0.12627043689253528,0.0,0.0,0.0,0.0
0.0,0.0,0.0,0.0,0.0,0.0,0.0,0.0,0.05672337164215318,0.13897845540473516,0.2085064626327001,0.30039454650901554,0.3362397770204391,0.39853085915629016,0.5350610058235166,0.6271956146664394,0.6587965189658158,0.6380655786085904,0.582929118954965,0.6854852114290713,0.8746296482457399,0.9773505392980614,1.0,0.9400493361686784,0.7792288570004375,0.47458687185735826,0.4379671617459769,0.4209983846319396,0.4086533195038328,0.423325918167751,0.3982768097433475,0.28639965153798563,0.25674150084233704,0.24048467050344807,0.1474632298621732,0.0,0.0,0.0,0.0,0.0,0.0,0.0,0.0,0.07432461811810384,0.0,0.0,0.0,0.0,0.06448703621138294,0.0,0.0,0.0,0.0,0.0,0.0,0.07302301454209421,0.1359686865140979,0.17526137770074351,0.20241505885927655,0.26690493539644705,0.32239789140653713,0.33962452937845095,0.4510359543202611,0.5698392477467136,0.6218883954571063,0.7453728256830706,0.9292030231642873,1.0,0.9755667681184028,0.8284944181868334,0.7768246494600395,0.899837483092763,0.9532494782264157,0.935080672505995,0.8455681621158742,0.7423902345342729,0.7171965297913694,0.671241913313329,0.5799221101742561,0.3954868423802186,0.383930312189875,0.41951693528152656,0.3563201752432592,0.14093285942018918,0.21569342201260971,0.21674687163048162,0.2315153651384657,0.16836319326269814,0.09062603738501993,0.0
0.0,0.0972366789889564,0.09603597385989981,0.06205892958212947,0.0,0.0,0.0,0.06345560321347322,0.0,0.1494837182596904,0.23189383796831925,0.2846047221373285,0.27227355992713836,0.3615931559287047,0.40972171611745273,0.44069682207813987,0.5687270634764259,0.6599183433974812,0.7241839237409589,0.7555919311071988,0.8566370790671815,0.969695365394044,1.0,0.9457033255886191,0.791819548964445,0.5758278131522145,0.5236171653593648,0.38524095632346705,0.3504877646964502,0.3831507052410722,0.35384581032458784,0.3268158196609127,0.2722438178031489,0.15792860605763104,0.0,0.05928278534351849,0.0,0.0,0.09825427104196707,0.11578114264414321,0.10290964074107109,0.07766079862223756,0.0,0.0,0.0,0.0,0.0,0.0,0.0,0.0,0.0,0.0,0.0,0.0,0.0,0.0,0.09229117168327895,0.12262477061989666,0.14049026743703483,0.15551703754970417,0.3201744371169542,0.4281258325833383,0.45772619376593626,0.526337168716248,0.6221520015406362,0.787086814499513,0.9352563935179626,1.0,0.9809697280747336,0.8800249287367639,0.9100778153175476,0.9529810191801298,0.9153156311763374,0.8138747759470962,0.734111937518319,0.7797456728134765,0.7558417689328811,0.6756328273133388,0.5479782418032727,0.23000668029525845,0.2946728670154564,0.26770519480246957,0.35286238370243267,0.341953290730288,0.30645132751848964,0.2524326431741524,0.16842188743026978,0.0,0.0,0.0
0.0,0.0,0.0,0.0,0.0,0.0,0.0,0.0,0.0841524175367592,0.07931916153407649,0.0,0.0,0.08755414013546929,0.221245968708188,0.38464068166174464,0.5070235234160574,0.5857368775345781,0.61763665893884,0.5960622608249262,0.5738540942419434,0.8564464351302928,0.9735204969223586,1.0,0.9442098687374335,0.7983135035746945,0.5740963614972523,0.5005352890711183,0.4576650876156679,0.38545717624265,0.3405540035325803,0.3054667795442024,0.23788380058429168,0.15471102504087159,0.09432448299840543,0.0,0.0,0.0,0.0,0.0,0.0,0.07783392166889626,0.07617244881545115,0.0,0.0,0.0,0.061350114585465375,0.0,0.0,0.0,0.0,0.0,0.0,0.0,0.0,0.06939985320459441,0.0,0.0,0.07102347607639353,0.0,0.20176688344195817,0.31619581841417493,0.39000002881530826,0.4220305376065981,0.4667365062925692,0.5938426853651809,0.7804393788433364,0.9293266795513033,1.0,0.9939103142157862,0.9059597432154828,0.8880422691672878,0.9114337397486588,0.8332193596045797,0.6236647977536935,0.6424177714797676,0.5851846407058563,0.5574349180571082,0.5039248424125036,0.409543612030117,0.31834598246519286,0.2849871142062769,0.2701255348421698,0.21691125291432187,0.16276472111396978,0.08955048022775537,0.0,0.0,0.0,0.06482063685402444,0.10183560977319658
0.0,0.0,0.0,0.0,0.0,0.0,0.0,0.0,0.0,0.0,0.0,0.0,0.0,0.0,0.15403813517800444,0.1648503332955539,0.30339337621836937,0.38018759664667934,0.52551989958902,0.6625660082116167,0.8435089774356115,0.9683290326947885,1.0,0.9450913134294626,0.7851862484847504,0.45635757255491904,0.5263255297384692,0.44999468904678985,0.30864190841645883,0.0,0.0,0.0,0.0,0.0,0.0,0.0,0.0,0.0,0.0,0.0,0.0,0.0,0.0,0.0,0.0,0.0,0.0,0.05613278688539326,0.0,0.0,0.0,0.0,0.0,0.0,0.0,0.0,0.0,0.0,0.0,0.0,0.06086316663171768,0.0,0.08236013361048684,0.2562038169446895,0.4366807582629939,0.7303911354296924,0.9223451171146987,1.0,0.9891865154768903,0.9568759870023487,0.9414042756256206,0.8675957019548368,0.721253126670576,0.5901019355340008,0.5522983070072512,0.525215812608289,0.41810983557952885,0.16675894324686275,0.0,0.0,0.0,0.0,0.0,0.0,0.0,0.08908514948257337,0.10947140279879644,0.08955280821936851,0.0,0.0
0.0,0.0,0.0,0.0,0.0,0.0,0.0,0.0,0.0,0.0,0.0,0.06516812692257007,0.0,0.0,0.0,0.0,0.20469117547791937,0.39477657367585145,0.503513523575593,0.6459282346032358,0.8617576978513721,0.9771475826722827,1.0,0.9318665306224518,0.7440531359202024,0.34393214578716563,0.2502652381092317,0.23010831739780954,0.21016791970167537,0.1622427825259452,0.12240522468967964,0.0,0.0,0.0,0.0,0.0,0.0,0.0,0.0,0.0,0.0,0.0,0.0,0.09734379776896548,0.08380462303608832,0.0,0.0,0.0,0.0,0.0,0.0,0.0,0.0,0.0,0.0,0.05885811277533858,0.0,0.0,0.0,0.0,0.0,0.05658659190714102,0.09502925115561629,0.16345670605045146,0.4600277244070417,0.7594477125568893,0.9288061760686379,1.0,0.9891044228297129,0.9121298368585231,0.828499325299717,0.760614211416355,0.5834618254097454,0.49642033261356416,0.5168084350524107,0.49598527649616814,0.4337824611601391,0.3627173650991917,0.2320792687655755,0.0,0.0,0.0,0.08690932122560481,0.05898990026555898,0.0,0.0,0.0,0.0,0.0,0.0
0.0,0.0,0.05084917716652025,0.058006530075106526,0.0,0.0,0.0,0.0,0.056569320517848444,0.07151030517642137,0.0,0.0,0.0,0.0,0.0,0.0,0.1741044150847709,0.24786191157969056,0.28400888746765485,0.6144161267009831,0.8498276343928046,0.9698908368636555,1.0,0.9432523335396977,0.7618801038947042,0.6355552093306661,0.5946818680140029,0.4840142085927338,0.39484987498201174,0.3203441964989069,0.2127917454251901,0.05701493985373857,0.0,0.0,0.0,0.0,0.07187453960932258,0.0,0.0,0.0,0.0,0.0,0.0,0.0,0.0,0.0,0.0,0.0,0.09463004077368183,0.08862430013443427,0.05710402830474519,0.0,0.0,0.0,0.0,0.0,0.08784329930916998,0.06478673101063218,0.0,0.11667746569912041,0.18666753571171343,0.32424624999745844,0.4845098878532487,0.5986431106697155,0.6706540306680907,0.8268481672237412,0.9585489229637645,1.0,0.9505427945876035,0.9483649684297883,0.9275821538580153,0.8171650539892618,0.7868633309855492,0.6899032816912691,0.6019562974072943,0.5739196281257317,0.42047516293680104,0.3367753549349105,0.39483114993219853,0.3449246680733588,0.23080757246821393,0.13069690462500655,0.06934699160319957,0.0,0.0,0.0,0.0,0.0,0.0,0.0
0.0,0.0,0.0,0.0,0.0,0.0,0.0,0.0,0.0,0.08804018151278095,0.10224483336523399,0.08717241144403816,0.07267984994417313,0.10013069564231272,0.12779148124120043,0.16509745964193176,0.22788511954837823,0.3348616308777037,0.4536662834164042,0.6517514970008689,0.86407211654273,0.976660492335855,1.0,0.9375991913767486,0.8141010619683032,0.7752224961409017,0.7615291012746755,0.6757158738005817,0.5151962695306191,0.22596868096902084,0.24793029973119204,0.20958225702688812,0.13366117858305968,0.08165456964809843,0.0,0.0,0.0,0.0,0.0,0.0,0.0,0.0,0.0,0.0,0.0,0.05903860833262274,0.0,0.0,0.0,0.0,0.0,0.0,0.0,0.06446913848328568,0.09425334165247283,0.08559773035036028,0.06101179108924805,0.09735328069558026,0.11156568083567793,0.16372374062950965,0.3117432789773512,0.43678334077193465,0.5656865321399155,0.6735747377939654,0.7346350944666216,0.7278889291478143,0.7721090609305666,0.8999964321770568,0.9342306807173268,0.9875549861906033,1.0,0.9368753689832935,0.7981976747924147,0.6637566797402221,0.6298146974082511,0.5806095228472801,0.48513566840309963,0.36571770809164017,0.27818566061102806,0.0,0.1425937557964488,0.11616470690729018,0.12267921879165179,0.13658959289770767,0.10337223585507153,0.06414410093706546,0.06401633020275098,0.07253235764740075,0.0,0.0
0.0512544160599005,0.0,0.0,0.0,0.0,0.0,0.0,0.0,0.0,0.0,0.0,0.06024770250623226,0.0942333460072216,0.1328018069793682,0.16440181112691885,0.1985157211629735,0.3574744703684981,0.47380791225909924,0.5481906787581198,0.5697979276623415,0.8433058538985236,0.9713315066388126,1.0,0.9344497115060395,0.717295676079912,0.7682542202133752,0.7214231246767461,0.6344320563550339,0.5588582314326237,0.4608524788682115,0.4001589379514233,0.3538016526704059,0.23691255099174358,0.16653026423035489,0.15592290689162835,0.0672747586907957,0.05769290458876282,0.09947257126444128,0.08414922209295887,0.09345688940235382,0.09375377046567786,0.06448633496842957,0.0,0.0,0.0,0.0,0.0,0.0,0.0,0.0,0.0,0.07750281864803804,0.0,0.0,0.0,0.09996510006771944,0.18079539620063295,0.25143485796049136,0.30083831398131505,0.4032921242028619,0.5109661723140987,0.6039779233917959,0.6660671586437332,0.6767246126055424,0.681169329949665,0.835490191829395,0.9533562888450499,1.0,0.9956971259473099,0.9823568523995085,0.9566447818140376,0.8888711045924728,0.7692661257665524,0.6178492618527044,0.618789547984171,0.6048913505290107,0.5322786035895751,0.43393564888192654,0.40030855288114564,0.37029621634679816,0.29908483671697716,0.19741349981436046,0.08050378448276699,0.057584806530216415,0.13302855408724407,0.1169079049353792,0.0,0.0,0.0,0.0
0.0,0.0,0.07751211871156205,0.07436746872733398,0.0,0.0,0.0,0.0,0.06203163704235657,0.07574629532073482,0.0,0.0,0.0,0.0,0.09783199372312712,0.18001751082427228,0.3464335159373333,0.4838149676084616,0.5613943337274052,0.5907440195611634,0.8451045341421015,0.9690335659701312,1.0,0.9511236570922489,0.8406099374252025,0.7338482650953588,0.626152908147054,0.5392902248724768,0.412814492385574,0.4869392813461812,0.4740005092058317,0.4118610828573317,0.32965805474616083,0.2743078154294554,0.21502232433150092,0.11737735773250849,0.08616268735541972,0.07599208923618586,0.0,0.0,0.0,0.0,0.0,0.0,0.0,0.0,0.0,0.0,0.0,0.0,0.0,0.0,0.0,0.0,0.0,0.0,0.0,0.125358869591514,0.1698548618557097,0.141332014209315,0.280378988748981,0.4281936007491503,0.5331085927896123,0.5590037280180258,0.6739554832281742,0.815957189531217,0.9420911928571719,1.0,0.9903237671295437,0.9426800939867059,0.8868092206672095,0.7840813371547246,0.55394096127741,0.5675448902082377,0.4469941732010138,0.35356630140427203,0.3520652114722935,0.4179982436541597,0.37406213345585854,0.23587352555219424,0.0,0.0,0.11539748785085194,0.08131104720800891,0.0,0.0,0.0,0.0,0.0,0.0
0.0,0.0,0.0,0.0,0.0,0.0,0.0,0.0753036389296623,0.06514574165403134,0.0,0.0,0.0,0.0,0.0,0.06865944400964802,0.16711168774463486,0.2336883041460096,0.19883857436594524,0.37336252373228357,0.6275784727587005,0.8483048679628724,0.9679078851310866,1.0,0.9555799727443144,0.8464925522863526,0.690290815418002,0.5749052427959751,0.5595043202549398,0.4400946474509095,0.2548514257483518,0.25006433842876885,0.15951037409542593,0.0,0.05936945194044559,0.0,0.0,0.0,0.08193666707781658,0.07413485548588092,0.0,0.0,0.055107625179464784,0.11451120139563228,0.12457201859387465,0.07036829361209242,0.0,0.0,0.0,0.0,0.06086396682784979,0.0,0.0,0.0,0.0,0.0,0.0,0.0,0.0,0.06468599521109658,0.12532631195306868,0.19918082564466127,0.29704854451697993,0.35884394772641587,0.43875044520573664,0.6487108536328159,0.8204772758667379,0.9402518637001848,1.0,0.9792870236554304,0.8461304407080812,0.7503239684460111,0.7525956225726024,0.6598499988766641,0.5550308799116203,0.4866370389382351,0.4225703349648485,0.31234364249215574,0.08349530130811675,0.0,0.14140619761668075,0.12847056014517952,0.08468994363486845,0.0,0.0,0.0,0.0,0.0,0.0,0.0,0.0
0.0,0.0,0.0,0.0,0.07956065255954607,0.11024501057574142,0.11693513857016498,0.10872332145035506,0.10846328210685825,0.12170739674350264,0.13676501098918561,0.14010859111472765,0.14451345562985896,0.1613219542675884,0.18411793852637598,0.18480991888422654,0.16520224564210664,0.1462465688366998,0.26082427518846946,0.5776784116484317,0.8438444111314798,0.9745579581247739,1.0,0.9289773215901308,0.7579310118822247,0.4422430814339003,0.39054854704289393,0.31829268268557287,0.18931315720656938,0.15329705074704117,0.11919561835768343,0.09123619892154862,0.08077101070133783,0.08224490152397303,0.11677880129513336,0.1377090400339062,0.13978208783147414,0.13148198405695039,0.1221610994974343,0.11105057938667083,0.09914303726578255,0.09736349767278901,0.08773262817884131,0.0,0.0,0.0,0.0,0.0,0.0,0.0,0.0,0.0,0.0,0.0,0.0,0.0,0.0,0.0,0.0,0.0,0.0,0.0,0.14100946230960845,0.2617449999465004,0.19823899203848835,0.6534186919098063,0.9023081498031059,1.0,0.9602966254576437,0.7303649265424881,0.5314204958185271,0.3237827749593433,0.27926975494242084,0.16970524339632934,0.0,0.0,0.0,0.0,0.0,0.0,0.0,0.0,0.0,0.0,0.0,0.0,0.0,0.0,0.0,0.0
0.0,0.0,0.0,0.0,0.06039245630170162,0.06431009003546437,0.05785070022093638,0.0,0.0,0.0,0.0,0.0,0.0,0.0,0.0,0.055762075286965015,0.09980086914466216,0.2864802110198591,0.34896313678751784,0.6062580602064306,0.8452612611981729,0.9651806250827352,1.0,0.9617095992545595,0.8606649540051788,0.7282696308423526,0.5829239953418659,0.43616635899444023,0.34145376517274384,0.23116686475945766,0.0,0.08610250036233173,0.0,0.0,0.0,0.0,0.0,0.0,0.0,0.0,0.0,0.0,0.0,0.0,0.06670764331963923,0.0,0.0,0.0,0.0,0.0,0.0,0.0,0.0,0.0,0.0,0.0,0.0,0.0,0.0,0.0,0.10577332947194588,0.2085004901382698,0.2859158755829466,0.4654073154583836,0.7014749730296234,0.8672140660741238,0.970260658618337,1.0,0.9439089153360601,0.7599212261472115,0.5731395215615197,0.5314654334891192,0.43176876521353924,0.3319214478528031,0.20268343501468575,0.08415109516097309,0.0,0.0,0.0,0.0,0.0,0.09552311605497445,0.09208688231337267,0.06288226890858771,0.0,0.0,0.0,0.0,0.0,0.0
0.08237638046996434,0.0,0.0,0.0,0.0,0.0,0.0,0.0,0.06673210804734954,0.05854954201030373,0.07537339301368126,0.1075138828936099,0.08140231330507684,0.09784708086049314,0.11140098166920535,0.08311368648590535,0.30060435664603435,0.4001629960569546,0.4378535026156478,0.5962785134812912,0.8434526684218935,0.968066795142664,1.0,0.9515141972074873,0.8506601776805023,0.7880433284261532,0.7204987797709652,0.5567276216743643,0.49442687200806784,0.45570217948755065,0.35243389752982496,0.2189306683672585,0.0,0.0,0.0,0.0,0.0,0.0,0.0,0.0,0.0,0.0,0.0,0.0,0.0,0.0,0.0,0.05653251377228478,0.0,0.0,0.0,0.0,0.0,0.0,0.0,0.0,0.16555759752725324,0.23513504017342685,0.30530632271689057,0.4070143973186178,0.48931601465137264,0.5528262412134342,0.603098642858831,0.6563926165491869,0.5580224398405189,0.7669034457199938,0.8070339771611474,0.9760973670939931,1.0,0.9261971007724686,0.7779695554117696,0.6112224557377083,0.47898993111626925,0.4041834830520375,0.37472343440401595,0.2834102590732155,0.10874205424847601,0.0,0.0,0.0,0.0,0.0,0.0,0.0,0.0,0.0,0.0,0.0,0.06943539180379145,0.11130518987871084
0.0,0.0,0.0,0.0,0.0,0.0,0.0,0.0,0.0,0.0,0.06198892513461057,0.09278756017578625,0.1507760278225891,0.14145098743478904,0.1423470718030802,0.2217069555478425,0.309327049936114,0.4065884124142296,0.48678868640425227,0.6280383780795019,0.8555148821697837,0.971029192162023,1.0,0.9466184495318702,0.7772887502641079,0.6048880702890211,0.6183659917904683,0.6948203442665287,0.6377551332915999,0.4869028549135019,0.279034383081843,0.36227048799249606,0.32963287859006596,0.22310518534761728,0.0,0.0,0.0,0.0,0.0,0.0,0.0,0.0,0.0,0.0,0.0,0.0,0.0,0.0,0.0,0.0,0.0,0.0,0.09523161386140401,0.16491065364348254,0.16622230886677639,0.22046116394730578,0.3442523144809531,0.4370255857772096,0.4864854061577406,0.4768285987456424,0.4013083472956223,0.5841031492198314,0.692836323322554,0.7112042147738225,0.7293061000679062,0.8051507460026318,0.9243408955966312,1.0,0.991974163684911,0.8976321639808887,0.7209136352904238,0.6249662996429012,0.4816261316381212,0.3214690885690122,0.33444380783404176,0.24276096699378863,0.11728906296775946,0.0,0.0,0.0,0.0,0.0,0.0,0.0,0.0,0.0,0.0,0.0,0.0,0.0
0.0,0.0,0.0,0.0,0.0,0.0,0.0,0.0,0.0,0.0,0.06339752398769467,0.13646290409530135,0.20071417594427282,0.16997071284336793,0.2707574512794497,0.3897912897073122,0.3186348009812838,0.5136896084812164,0.6177790892022298,0.6922081755017913,0.8647137409090404,0.9744545331752549,1.0,0.9454652829301935,0.8498043276262145,0.778365783370363,0.7191542644046386,0.6417138999351943,0.5226507701023843,0.4424142093732038,0.4263490649683519,0.31006332571278444,0.1833505650553529,0.2266442004687972,0.19490068267878538,0.08021635768318613,0.0,0.0,0.0,0.0,0.0,0.0,0.0,0.0,0.0,0.0,0.0,0.0,0.0,0.0,0.0,0.0,0.13819610163054577,0.1849471383447181,0.10161199552420384,0.22084076968691815,0.3477334472612938,0.43214040042389007,0.5380250315257261,0.6146749563409897,0.6486665978264783,0.7257852271258496,0.7955390841116702,0.7847452474676484,0.7867944893012953,0.8758912390788727,0.9480667485160627,1.0,0.9832847412190071,0.8709866368024237,0.6050752293318594,0.5750462230162604,0.5082215186831066,0.48484063545938505,0.44203480647243865,0.32280345763593266,0.24167310516358534,0.20080925534615593,0.13943840202549557,0.07772412493572853,0.0,0.0,0.06079214649124712,0.0,0.0,0.0,0.0,0.0,0.0,0.0
0.0,0.0,0.0,0.0,0.0,0.0,0.0,0.0,0.0,0.0,0.0,0.07520075342253228,0.0,0.1865869026913348,0.22755102616518624,0.2404768939083508,0.3108793236400066,0.4546819124810328,0.5343219110827555,0.6667914198218375,0.8693519620849351,0.9760662796420841,1.0,0.9557196798664503,0.8740010351735378,0.8202716676374303,0.7247375701755457,0.6771366095427578,0.6398992839369058,0.5551455717570938,0.5209842541609739,0.5230785436402617,0.4849116851766789,0.3586999835349927,0.08176468936077395,0.0,0.0,0.0,0.1084045541543724,0.12132220006420526,0.0,0.0,0.0,0.0,0.0,0.0,0.0,0.0,0.0,0.09028994032543342,0.1260055477731515,0.10395556952809788,0.0,0.06766952694726178,0.32214217984104604,0.4760356723346246,0.5441592275850345,0.5436818009126414,0.39704547193269807,0.24385847932734164,0.5998934994449993,0.7282113160380749,0.737550972268137,0.7164075219737447,0.8028293809557564,0.7846551177968847,0.9088690628747998,1.0,0.9877819012885044,0.8747717214691435,0.6393793390611043,0.44796281061235393,0.4332823254033243,0.3852854359156676,0.3553996842286659,0.3397908237964111,0.19661741460908339,0.24263086696562408,0.24233970729418175,0.12029334713958063,0.11815373290070079,0.10899348611224077,0.07792937518319902,0.06321281338326636,0.0,0.0,0.0,0.0,0.0,0.0
0.0,0.0,0.0,0.0,0.0,0.0,0.0,0.0,0.0,0.09892544281366061,0.1778665124988656,0.12175845889803479,0.12981860720702423,0.3540898354605934,0.508323085841468,0.5886937435023254,0.6250463825781676,0.6423833793061388,0.6793577342088656,0.6061094767083116,0.8782749605845637,0.9835273950985937,1.0,0.9493539471790733,0.8383091808553785,0.7682483531427348,0.7539725668596254,0.7050749844950206,0.5893334518601772,0.5522125704771901,0.6143239953758395,0.6523269201982055,0.6263513031809251,0.5418054944576605,0.43802217589801323,0.3756449720979043,0.3448305879728928,0.3232829423018363,0.30429357191586537,0.31250810993520484,0.2808703567581602,0.2402061127364154,0.19407259499658555,0.14796286584900376,0.1395440553067698,0.1065615648778205,0.10505827881824042,0.09261272670915074,0.1053042016788702,0.1442113456434569,0.11510852910413855,0.07135625547252121,0.14325445514208995,0.2323586540921775,0.29484656482073474,0.4750143901454242,0.546797879995018,0.522066318014111,0.5073996612211071,0.6261440957560577,0.6902859237970159,0.7546286187955826,0.7794196721907076,0.796992150608463,0.8041417265062548,0.8027951440894914,0.9308910128293445,1.0,0.9766078542733954,0.8519573582807587,0.5806780501989114,0.5214489911211742,0.4478015767036148,0.3383223507129385,0.3656308637015682,0.36394863552702544,0.3306087278432415,0.3406237244668282,0.2693883302636647,0.17181511235038732,0.14679621223066908,0.0,0.0,0.0,0.07743237102008943,0.0,0.0,0.0,0.0,0.0
0.0,0.0,0.0,0.0,0.0,0.09231829553923865,0.08331709161916512,0.0,0.0,0.09414088828326558,0.2129440371672802,0.24184595686677415,0.25385249629937423,0.3659033079649229,0.519434241380767,0.6035670247582589,0.5979177968962401,0.5860406059812503,0.8277474607777098,0.9141187891490934,0.8861186462507998,0.950080717544116,1.0,0.9420870912176174,0.8684847339184165,0.802086385989481,0.8407151131840289,0.7874214222500321,0.7114851843737734,0.6144478069475124,0.38728571877015217,0.5071443735354495,0.5337899220428838,0.4844352627197791,0.40642917596681744,0.3983187688030732,0.3668708880625667,0.3421653613818807,0.3113976476002792,0.15337918046182072,0.1593772945565557,0.16600773473100355,0.16251089238821204,0.1465801747021264,0.0895839260491698,0.0,0.0,0.0,0.0,0.0,0.12098648402329397,0.12949786368304333,0.0962761279640621,0.2243210344719395,0.3118650755263917,0.34234272245429515,0.39524356086223916,0.49006170544669464,0.555016419196073,0.5773838426393615,0.6077826800837793,0.6756409110301665,0.7454013457006838,0.8162190041894406,0.8453001350141148,0.8722905654509542,0.9487522934230658,1.0,0.9768415897836634,0.8660261014502476,0.6599030307784213,0.49318778825574583,0.3993218115778869,0.3150117879282473,0.3490100306424767,0.28292210675843393,0.19807882365435328,0.20043931361474018,0.08867332151278348,0.0,0.07194727472467037,0.0,0.0,0.0,0.0,0.0,0.0,0.0,0.0,0.0
0.0789257511926776,0.0,0.0,0.0,0.0,0.0,0.0,0.08656672508135661,0.11260315487654053,0.0916042614666473,0.0,0.0,0.15576330851371897,0.23289827434985289,0.32670033150072464,0.38964903379715143,0.4318314833570723,0.5002370163466938,0.6395053442974464,0.7940531723811016,0.8842381806552982,0.9609547060258685,1.0,0.9736877836080874,0.8685999199533434,0.6601043427673431,0.5263000801511861,0.5284458781009802,0.3482297353770952,0.34160481961551925,0.26029214704004017,0.16270781031900236,0.09394796321302658,0.06872260305510644,0.18483825274466578,0.15885850140828925,0.0,0.0,0.0,0.07233764384674443,0.0,0.0,0.0,0.0,0.0,0.0,0.0,0.0,0.0,0.0,0.0,0.0,0.0,0.0,0.08788512428268443,0.13785738126483113,0.0,0.15700618018238396,0.22101435474623854,0.26219590688929517,0.3344445976139298,0.48001632289031115,0.6242806354419556,0.7257545094788467,0.7834641633913286,0.8620755956370654,0.9579431612459928,1.0,0.9712360022593728,0.8613324556466675,0.6577878655257898,0.4422124785787929,0.3171772303123659,0.2111998035823737,0.0,0.1892293100968909,0.156153355374632,0.0,0.0,0.0,0.07488688513829429,0.07172879092676122,0.0,0.0,0.0,0.0,0.05965070887382547,0.0,0.0,0.0
0.0,0.0,0.0,0.0,0.06916600089058111,0.0,0.0,0.0,0.0,0.057017715453289916,0.0,0.0,0.0,0.0,0.0,0.0,0.0,0.24228621454201396,0.533426317271181,0.7737505897805006,0.8954113845070681,0.966582147074931,1.0,0.9590318831936293,0.8207528532293392,0.54362987328806,0.44100594546649996,0.32467045909957354,0.2186081769044874,0.18691883415270613,0.18040939682118037,0.1837102719726069,0.16180920192759768,0.14343683405665986,0.10950879463316612,0.0,0.0,0.0,0.0,0.0,0.0,0.0,0.0,0.06380453185694714,0.05837622837885936,0.0,0.0,0.0,0.0,0.0,0.0,0.0,0.0,0.0,0.0,0.0,0.0,0.0,0.0,0.0880306071413625,0.20490583835819254,0.29657177628240117,0.4050543844352998,0.5532973446977588,0.629249349821115,0.713645306750467,0.9083502231456213,1.0,0.9905259557348997,0.8768341806911764,0.616250249734188,0.2630821233698822,0.2222187640921234,0.14914861869286128,0.0,0.0,0.06788054603176565,0.0,0.0,0.0,0.0,0.05625899872810339,0.0,0.0,0.0,0.0,0.0,0.0,0.0,0.0
0.0,0.0,0.0,0.0,0.0,0.0,0.0,0.0,0.0,0.0,0.0,0.06092153990630931,0.0,0.0,0.07911896393600426,0.0692438827341484,0.0,0.14164619404920398,0.3855500729190595,0.6458312791159762,0.8819804194548874,0.9851691747978526,1.0,0.931060172548462,0.7593408904406349,0.35906084804040395,0.2770843657494113,0.1873914067254394,0.09532947625673881,0.0,0.0626844873460422,0.0,0.0,0.0,0.0,0.0,0.0,0.0,0.0,0.0,0.0,0.0,0.0,0.0,0.0,0.0,0.0,0.0,0.0,0.0,0.0,0.0,0.0,0.0,0.0,0.0,0.0,0.0,0.0,0.0,0.0,0.11186333105307227,0.18052660407565924,0.13620565141754756,0.42613581312115123,0.7642753446323508,0.9324211495207829,1.0,0.9820356735158278,0.8754323154757376,0.6580502481531704,0.2776261603695445,0.0,0.0,0.05664811494231584,0.0,0.0,0.0,0.0,0.0,0.0,0.0,0.0,0.0,0.0,0.0,0.0,0.0,0.0,0.0
0.0,0.05098128100377953,0.07705486041979238,0.05082648786414242,0.0,0.0,0.0,0.0,0.0,0.0,0.0,0.0,0.07552766702570404,0.0,0.0,0.0,0.0,0.11165764554732296,0.27348896542850465,0.6614086091865499,0.873202527785378,0.9781415191087212,1.0,0.9426208731758868,0.7940748002793708,0.5217069804120074,0.12995841860544205,0.0,0.0,0.0,0.05561218715696151,0.0,0.0,0.0,0.0,0.08341565309812878,0.09538258607179408,0.0,0.0,0.0,0.0,0.0,0.0,0.0,0.048780947490189505,0.08063089740003043,0.09805936274250378,0.07641792691650429,0.0,0.0,0.07274909262468147,0.0735833841562398,0.06287124997621332,0.0,0.0,0.0,0.055234975287210115,0.0,0.0,0.09483506889104378,0.14508415048397078,0.149163708396486,0.13708494942803834,0.13250703311704637,0.458455451535611,0.7754246263530049,0.9389236426399972,1.0,0.9721284552068766,0.85043797107768,0.6143198591965039,0.28293118136327605,0.0655045993942694,0.05572073410340093,0.0,0.0,0.0,0.0,0.0,0.0,0.0,0.0,0.0,0.0,0.0,0.0,0.0,0.0,0.0,0.0
0.0,0.0,0.0,0.0,0.0,0.0,0.0,0.0,0.0,0.0,0.0,0.07562572178959857,0.0,0.0,0.0,0.0711230328247063,0.0,0.0,0.1548771961986704,0.5995546411529928,0.8445537736238345,0.9660507769482153,1.0,0.9542751727096291,0.8200574922989515,0.5593598529829606,0.1524149689235889,0.0,0.0,0.0,0.0,0.0,0.0,0.0,0.0,0.0,0.0,0.0,0.0,0.0,0.0,0.0,0.05727291495655598,0.07039636220210804,0.04981441256295267,0.0,0.0,0.0,0.0,0.0,0.0,0.0,0.0,0.0,0.0,0.0591609087978051,0.07031787101160057,0.06687700358114337,0.05574195717126651,0.0,0.0,0.0,0.0709862278706782,0.05238087762416887,0.3848624758206817,0.7563008797973675,0.9330046692295264,1.0,0.9751834494289455,0.8548477049544553,0.6218832632931541,0.2947546417521053,0.12840109627367424,0.10338208054486703,0.0,0.0,0.0,0.0,0.0,0.0,0.061344932576869717,0.07812548464475652,0.0,0.0,0.0,0.0,0.0,0.0,0.0,0.0
0.0,0.0,0.0,0.0,0.0,0.0,0.0,0.0,0.0,0.0,0.0,0.0,0.0,0.0,0.05198977730459736,0.12915638478943606,0.14701919631638455,0.12895833725358202,0.14423567512662178,0.6130136169789181,0.8571235850970058,0.9737221773305875,1.0,0.9435062313254226,0.7974704481719482,0.5414932934563785,0.17134513953596348,0.0,0.0,0.0,0.0,0.0,0.0,0.0,0.0,0.0,0.0,0.0,0.0,0.0,0.0,0.05739292226075834,0.0,0.0,0.0,0.0,0.0,0.09201305138270964,0.15490407727506517,0.16031341176482253,0.11277967481698925,0.0,0.0,0.0,0.0,0.10416147651236644,0.10713310473793614,0.0,0.0,0.0,0.08747595586428,0.10006898145604719,0.07985754077115256,0.0,0.4206024560555879,0.7588307636758435,0.9306196912291342,1.0,0.9828461985972609,0.8752153952269696,0.6455759865394832,0.1230536454940311,0.0,0.05405483186409604,0.0,0.0,0.0,0.0,0.0,0.0,0.0,0.0,0.0,0.0,0.05246142813064903,0.08445700165695733,0.0,0.0,0.0,0.0
0.0,0.0,0.0,0.0,0.05213956652191783,0.07252548760210113,0.06792882448379427,0.0,0.0,0.0,0.0,0.0,0.0,0.0,0.0,0.0,0.0,0.08112136350749509,0.0,0.6173892469398237,0.8582439246379951,0.9744797838689023,1.0,0.9415840672148867,0.7972820756827566,0.5948237010048303,0.31854960248336783,0.0,0.0,0.0,0.0,0.0,0.0,0.0,0.0,0.0,0.0,0.06932786814809548,0.06743503858566073,0.0,0.0,0.0,0.0,0.07360251433676125,0.05707471426442434,0.0,0.0,0.0,0.0,0.0,0.0,0.0,0.0,0.06196720351476021,0.0638923605351324,0.0,0.0,0.0,0.0,0.0,0.0,0.0,0.0,0.06322980768723442,0.436817361159255,0.7630503136117526,0.9317288944342156,1.0,0.9825491173848634,0.8755270985373997,0.6501965151970286,0.21462782008196468,0.0,0.0,0.0,0.0,0.0,0.0,0.0,0.0,0.0,0.0,0.0,0.0,0.0,0.0,0.0,0.0,0.0,0.08405265874522407
0.12291180014828634,0.08569535930730583,0.0,0.0,0.0,0.0,0.05246436742751308,0.05668491077993601,0.0,0.0,0.0,0.0,0.0,0.059875291397188474,0.08480783255758063,0.09108525670559686,0.11675461252550853,0.09481952473277544,0.15201133476070916,0.5851522420348759,0.8343501082443506,0.9610111022227509,1.0,0.9601282787271742,0.8354724555354202,0.6017389195528507,0.21191700534718044,0.0,0.0,0.0,0.0,0.0,0.0,0.0,0.0,0.0,0.0,0.0,0.0678060410294768,0.0,0.0,0.0,0.0,0.06564401732276436,0.08773457510829533,0.0,0.0,0.0,0.0,0.0,0.0,0.0,0.0,0.06481698473059819,0.10694050830222639,0.08801541078169016,0.0,0.0,0.0,0.0,0.07462450688391563,0.0,0.0,0.0,0.3996048127520975,0.750612008560602,0.9279037843873555,1.0,0.9839617029128923,0.8763873061565531,0.6482821052762098,0.16656214744497227,0.0,0.0,0.07367983691998099,0.0,0.0,0.0,0.0,0.0,0.0,0.0,0.0,0.0,0.0,0.0,0.0,0.056542947034673864,0.0,0.0
