0.0,0.0,0.0,0.0,0.0,0.0,0.0,0.0,0.0,0.0,0.0,0.0,0.05848784346025405,0.0,0.06613390161401005,0.10016871803861882,0.1345053572683495,0.24750050451715452,0.36008273142262404,0.5885191196324991,0.8471640010668853,0.9709127221395888,1.0,0.940178947497537,0.7748153097478435,0.6818313437611293,0.5443009222094257,0.6818236486576114,0.5902482429777132,0.5960519374681215,0.5663276911769688,0.4533052570164821,0.4009972392083903,0.31920847390068186,0.272935092597483,0.32410579124986655,0.2659527528266631,0.14959241612384386,0.12680747409814294,0.15359029565351315,0.16878160662814312,0.14980764157988413,0.10903091704211046,0.0,0.0,0.0,0.0,0.0,0.07230174203765799,0.0,0.0,0.0,0.0,0.0,0.0,0.06487448412960661,0.08183806827004635,0.0,0.0,0.1971840296253888,0.23984805993555183,0.21858311923782026,0.46828704315646247,0.6180810569122694,0.7026880660807474,0.7278914666505464,0.9177074272240306,1.0,0.994662297791821,0.9219948415623833,0.823295426074526,0.856384535568141,0.8657289260150368,0.8594570695147946,0.8151555042970309,0.7048299176747871,0.5471480829310315,0.43695198140416164,0.39776018130992163,0.4548124937948005,0.4177512333485743,0.31396250756968824,0.13548431607457492,0.0,0.0,0.0,0.0,0.0,0.0,0.0
0.0,0.0,0.0,0.0,0.06635167912901728,0.07323921831258026,0.06298686535380457,0.0,0.0,0.0,0.0,0.0,0.0,0.0,0.13165759417288583,0.21407940270102258,0.3541323785313867,0.4130484171934335,0.45632287477450806,0.649687750634288,0.8590347844591362,0.9728915794344273,1.0,0.944338128828847,0.7980914305473142,0.5899820808070192,0.6457169911366627,0.6239415511839789,0.43799392499438555,0.6435870087433594,0.663162412301924,0.5697981298119206,0.4239691378033456,0.40116338427522086,0.42144869933381,0.4094477495695506,0.3101813210310138,0.2947437721584185,0.2681483632642567,0.14659963763910394,0.0,0.0,0.0,0.0,0.0,0.0,0.0,0.0,0.0,0.0,0.0,0.0,0.0,0.07787919290356375,0.0,0.09351458718737882,0.17643540433897084,0.19434020839757368,0.1304528273234454,0.2846606780725675,0.508942281407055,0.6345334101426866,0.6878147234721352,0.6921261969843432,0.7109049378460157,0.7848973144802411,0.9224531489623422,1.0,0.9927042352857264,0.924073268381049,0.8678184071473177,0.8671364590858786,0.8331248166221904,0.7715738097155386,0.7132463542820259,0.6613441552441579,0.6088388739474919,0.566683141254692,0.5509702950137477,0.5222704238879698,0.5353487207797737,0.49732234580884427,0.3710173716196727,0.24344761227421124,0.23304118387296918,0.16105822865327238,0.0,0.0,0.0,0.09604477019169193
0.0,0.0,0.0,0.0,0.0,0.0,0.0,0.0,0.0,0.0,0.0,0.07414748613706093,0.157284751167879,0.20464167682547094,0.18290295993846054,0.24238485532266688,0.34628062222583283,0.3554248416742853,0.2778213531966321,0.5998415794009309,0.845840841121427,0.9687789287848599,1.0,0.9510566661526685,0.8382628294942621,0.7107448084067276,0.5548632038273021,0.48250432405651916,0.6337483742455852,0.708111600035415,0.6910876760328711,0.6020265984032026,0.42592841452031227,0.3855855427158764,0.46066316592148016,0.4330796667752704,0.35910630901518875,0.265546679889366,0.25413249044067665,0.26944790446979205,0.2071185668622333,0.14759653827917552,0.0,0.0,0.07817184383331716,0.0,0.0,0.0,0.0,0.0,0.0,0.0,0.0,0.15351126421958072,0.18142316024227248,0.09127797406934329,0.0779766172512491,0.14994745048089425,0.2972902347616083,0.37419745377686064,0.446812541855715,0.5990028721430561,0.678529426024502,0.6898431447119606,0.6567180742264315,0.7933108539222126,0.9536427594033233,1.0,0.9363217406796142,0.9189353696635589,0.9470815741639352,0.9356573347909634,0.8814416200443355,0.7534576358364562,0.6230049807183718,0.6027528206199807,0.61832180176894,0.6150132509815324,0.5625195469181268,0.5580765659914612,0.5481798270442482,0.4778535025515883,0.4277441416387062,0.35346111396254865,0.2838864604244518,0.22927533447540754,0.24969335516234062,0.229628775912264,0.1358286655619314,0.0
0.0,0.0,0.07752854285986749,0.06372113361282648,0.0,0.0,0.0,0.0,0.0,0.0,0.0,0.0,0.06412594676689583,0.12348662454264278,0.14530795411795297,0.19312458120353043,0.27780657898559064,0.3233546020234695,0.3404507241589116,0.5849747901993849,0.84855051738105,0.9719785118280623,1.0,0.9360515927608553,0.7113966506521584,0.7633390538899073,0.7701481517090458,0.7158890356593516,0.6366271072582397,0.5671425688300287,0.44860575779982304,0.36166433432503686,0.18642635916128236,0.1623508927370009,0.2759163543299485,0.36336686277955565,0.3344753826043923,0.2546650922255791,0.2440191868927413,0.15989729466833602,0.08869056672461334,0.06590412029607565,0.07189474682482382,0.09188673769036869,0.05731756101990988,0.0,0.0,0.07426276964379858,0.06397842190908826,0.0,0.0,0.0,0.0,0.0,0.15357334453292315,0.20704431259652406,0.22953263648772876,0.264633311483636,0.30588111504472004,0.33321447589159675,0.3315564149908205,0.4683931003935734,0.4869026514984889,0.5317471845925856,0.6787409714892013,0.8186750443791129,0.9418061830079137,1.0,0.9837326060405255,0.9041930608166473,0.7515356863768506,0.7554777666355595,0.7398331492699689,0.6923189562007933,0.5510045469311741,0.3259596176150845,0.4784450816128341,0.49616156876170014,0.4555202319085458,0.39224313529615545,0.3285835120672138,0.32259529776238594,0.30268391672418926,0.27251569486234106,0.2069052353630026,0.14360799547892053,0.14719798732745276,0.14594742291581594,0.094143381504957,0.06048733047290828
0.0,0.0,0.0,0.0,0.06747120936352023,0.0,0.0,0.0,0.0,0.0,0.0,0.0,0.0,0.0,0.08308102483324278,0.15442751963780732,0.21583711314855417,0.28556816770716154,0.17725908282055655,0.5560722848264686,0.835800398008719,0.969313158660054,1.0,0.9318816839536632,0.7646586120303253,0.8075031072920862,0.7812902348263652,0.7039088898539486,0.5698298665109862,0.4513931862344182,0.43093947991931925,0.34497346568780757,0.3102685026933022,0.35870501341195804,0.3264477137326443,0.29811682886180735,0.2445588058575791,0.17281619055738176,0.13612859052032436,0.11202558486772624,0.10785945034566997,0.0619925143329395,0.0,0.0,0.0,0.0,0.0,0.0,0.0,0.0,0.0,0.0,0.0,0.0,0.0,0.05807835467820115,0.0,0.0,0.14659529860519155,0.2597642335781514,0.37512667812239464,0.46421864897031606,0.4908809555617063,0.3823191397461273,0.6312989629931346,0.8096769674243539,0.9403524031568611,1.0,0.9919346260067833,0.9234399548202082,0.7753396207256017,0.6759515271224066,0.7126796522536459,0.6098153019929378,0.4788303242256533,0.45724825384469975,0.2904392353268753,0.2722356508476706,0.22717908398407663,0.2859230425797015,0.2783659229637178,0.23137358041363673,0.14664038997132933,0.13790038481533842,0.10422731468530679,0.0,0.0,0.0,0.0,0.0
0.0,0.0,0.0,0.0,0.0,0.0,0.0,0.0,0.0,0.0,0.0,0.0,0.0,0.0,0.06319485548492958,0.0,0.12890798434420692,0.2634747397080097,0.26290705148717214,0.6212693803036027,0.8602952001567964,0.9760776766484174,1.0,0.9388440835084781,0.8228700258073169,0.7726802389993224,0.6779712639713601,0.4821869334779239,0.49990931552932066,0.36256213906915863,0.11798261452471577,0.24747674144489812,0.23973996986109694,0.14283893270869857,0.10012011075712188,0.12081922450855088,0.12126302316865817,0.0,0.0,0.0,0.0,0.0,0.0,0.0,0.0,0.0,0.06287470496043064,0.0,0.08499426979405916,0.08551319065055638,0.0,0.0,0.0,0.09759432249641573,0.09760187148971919,0.0,0.0,0.0,0.08467055069686982,0.14082527926917865,0.07356589881920499,0.22907290861584892,0.33954840636187994,0.47348446865902677,0.5760265375402167,0.725344469764287,0.937340633778341,1.0,0.9573323042276138,0.7809035250447557,0.5891774477313925,0.6000519119471143,0.5564383584455147,0.5088524259778677,0.41939207172582427,0.3589427352937934,0.27313067733931623,0.17441472906431743,0.08303932629406695,0.09007628170535388,0.10619796244098212,0.09854294535501412,0.0,0.0,0.0,0.0,0.0,0.0,0.0,0.0
0.0,0.0,0.0,0.0,0.0,0.0,0.0,0.0,0.0,0.0,0.0,0.0,0.0,0.0,0.0,0.0,0.12259344657307575,0.29042642685198294,0.46294814308516885,0.4250149721906791,0.8229137944488212,0.9607254587890923,1.0,0.9620297227437411,0.8670225415391456,0.7830139508031981,0.6872370058913696,0.5192651872250019,0.3971802888571379,0.3173253761590678,0.25593412410963,0.17958202243087795,0.12161044374779967,0.09801164490178775,0.1185184838451881,0.06488775271983192,0.0,0.0,0.06694292588434969,0.08686604170542407,0.07033424278728584,0.0563742978664017,0.05698837725086975,0.06012218666445124,0.054884786775614876,0.0,0.05761377592246572,0.07756212621994331,0.0,0.0,0.0,0.0,0.0,0.09103998239375075,0.06570924289858898,0.0,0.0,0.06346496015921184,0.09265118564249403,0.14876897703072903,0.26148163117900114,0.3474385653146579,0.49213282806458675,0.6368960385313878,0.7473601333592276,0.7725896009697085,0.8942426345941731,0.9995301184179769,1.0,0.9081343821027033,0.727228507850937,0.6010291149902632,0.46073987330576766,0.3247442777415323,0.17204083702167466,0.09178497959924371,0.06148677679366775,0.0,0.0,0.0,0.0,0.0,0.0,0.0,0.0,0.0,0.0,0.0,0.0,0.0
0.0,0.0,0.0,0.0,0.05753738299332614,0.10947905246424947,0.0828747580938303,0.0,0.0,0.1599308973463363,0.18263348367937043,0.09453580419776744,0.22286501614497936,0.3801269485887564,0.4549276857005603,0.4449823373013648,0.25153326017696326,0.4424257989480638,0.5660087974762433,0.6115538942820283,0.8537419340400844,0.9772005245592397,1.0,0.941022566512062,0.8239283055663534,0.6869775322330227,0.549979551984409,0.6159325347235545,0.5954784195679033,0.5326401460591144,0.4343007769978864,0.32518766177245684,0.24093670727494756,0.20207882071595284,0.17140220884290713,0.12072927535695842,0.0,0.0,0.08670618173089702,0.06598244669560184,0.0,0.0,0.0,0.0,0.0,0.0,0.0,0.0,0.10321916706625975,0.152098126385453,0.2376590794130634,0.2558231122966066,0.18430580725559934,0.2389342715747839,0.23156767279848184,0.35105878194901813,0.4624008902554433,0.5149573167617206,0.5667371786951596,0.6342732454215206,0.6799908640803227,0.6567626890319632,0.707591313448588,0.8074600398251213,0.8796144217859986,0.9232375735016791,0.9105518447760491,0.9953177405432986,1.0,0.8904018040685207,0.6942718998325915,0.5846538711707748,0.5171891045716128,0.4044567025853342,0.2665127770726831,0.1944587215480663,0.09636932578605951,0.0,0.0,0.0,0.0,0.0,0.0,0.0,0.0,0.0,0.0,0.0,0.0,0.0
0.06826667359154527,0.17677575862464678,0.2107630413783512,0.15916666212510786,0.13734973104110113,0.12054466917936017,0.30777303030659214,0.38134871102446605,0.3828514281051051,0.4312064035324003,0.5010081373914982,0.5176644970542555,0.5159962984241808,0.5524418141054525,0.5726578533054723,0.5190810641076348,0.5621555533934224,0.5044668637742215,0.644037461426544,0.7171907454677909,0.8095247831852699,0.9579754404714421,1.0,0.9533856976676918,0.8085361195096349,0.6183017231979792,0.6368797726606972,0.5004667838152095,0.4964577092597046,0.5528383451427058,0.5113691333645589,0.41960540583421935,0.32065354984922645,0.2844872170473283,0.24432636378152925,0.16686313391913377,0.08849163263981709,0.10277868922021514,0.09525726957445166,0.0,0.0,0.0,0.11760349331773988,0.2178893486980325,0.24322140409313972,0.2567484052892522,0.14599733189909328,0.20814068456908225,0.36322266080172877,0.38582580420041285,0.2483661932383932,0.419772324898155,0.5173647522712481,0.5571871088629058,0.5511479435575003,0.594134593378153,0.6308354344323956,0.5940740285026508,0.5544587729465917,0.6348283353670003,0.7046491113221175,0.7651216976443099,0.8185855141606527,0.8572374321347553,0.8489351192893166,0.7635243977643499,0.9194843489640413,1.0,0.9883344183048958,0.8929286473245074,0.7437652909685636,0.6571665471402626,0.5822238967733085,0.4666703407683389,0.36671239298267483,0.29397737139170294,0.1942412774534489,0.1328861319984486,0.0,0.0,0.0,0.0,0.0,0.0,0.0,0.0,0.0,0.0,0.07804519520289208,0.09852259762338732
0.10728192464724767,0.08989580942959653,0.0,0.16028187202451522,0.33798268478700705,0.3892881263890219,0.3794080616456324,0.39586930025888917,0.4749615604620634,0.5112189527304357,0.51125182193198,0.4514351905873594,0.45069701398957734,0.4935916781663557,0.5811613930986222,0.6812527969955539,0.6371774256428919,0.7764857309953865,0.8398459821814694,0.8401870022697009,0.8613880448442692,0.9692456061896438,1.0,0.9427909277198256,0.779168124782166,0.4607506803242633,0.47680682177449585,0.5205187449671109,0.5656625514030219,0.5696821257636602,0.5118591844011557,0.36130633192293926,0.29804857296399756,0.30893243698148837,0.30945244382974096,0.3041543173766859,0.2746221936849823,0.19834597860723005,0.0,0.16941435857804726,0.22422060075016859,0.258175169221465,0.2740768425879026,0.27249055745782685,0.23127013346309222,0.21237468726934985,0.2799523398957302,0.35846032232650943,0.4945960848497858,0.5544030632436018,0.5363019125582076,0.477951105383067,0.46504071309833045,0.4633479490637822,0.5245394858508636,0.5721458378401598,0.6381010572259053,0.670582478138894,0.6490905767306836,0.6744711138949502,0.7270688027888635,0.7932532912407395,0.8581379530259041,0.8956548347710535,0.895053165192248,0.8826396274052627,0.9515237447047923,1.0,0.9738638328706385,0.8580548636452535,0.6205680550594695,0.5023235262881716,0.46586795221991995,0.4526454590882353,0.4122039127245896,0.31815326730066207,0.2232677280150439,0.2469219858358179,0.23813913508558845,0.18838212359319065,0.0,0.0,0.0,0.0,0.0,0.0,0.0,0.0,0.0,0.0
0.0,0.0,0.1495683250449865,0.2282193652174045,0.3392724062416693,0.3850509566290671,0.42363500733102316,0.4699600429031401,0.45522349325957073,0.33557112246144855,0.40071763491668544,0.5210706636277721,0.5851991999095836,0.5865255067187933,0.6053272517246413,0.6968094244738412,0.7492333860959478,0.6192192007626087,0.6909468633838172,0.6434371707312043,0.8474702128703687,0.9727408663524512,1.0,0.9386792608219807,0.7656100844855696,0.5360671960473556,0.5553965833266382,0.5442107606861698,0.524577433735329,0.4716287554816277,0.44785299643986654,0.4051096691244049,0.3316089678857517,0.30942817082389823,0.3120640561171595,0.2657651715411196,0.14173240589131983,0.0,0.10649765810558233,0.10807295630870045,0.12573720990690657,0.17532918287349708,0.1923923025356605,0.1635431688223272,0.12775986268296036,0.07980356012209969,0.2589109888182941,0.3408926366795203,0.3849149049145128,0.38741640014684514,0.4063113432287909,0.49263375565489387,0.47577052363932687,0.3765829760881362,0.4958116549573582,0.5085435053510193,0.5609513093102081,0.5621965304757914,0.6300951013489587,0.7617425989750419,0.8028736588880278,0.7674195943765896,0.6650369585051962,0.6423384230945467,0.5890302540152074,0.7208623082147355,0.9209601513698904,1.0,0.9814289004302686,0.8684272265820636,0.6728247407804966,0.5452290791700762,0.4866145980082935,0.40285623722626784,0.3927258161436554,0.3770052390524167,0.28334713986443316,0.19777303121925435,0.1583517142401468,0.09396799017223247,0.0,0.0,0.0,0.0,0.0,0.0,0.0,0.0,0.0,0.0
0.0,0.0,0.08334238385497074,0.0886716058948302,0.0,0.1459689494547375,0.23637781712362593,0.2919300057648101,0.35795333970251264,0.4148024658962756,0.3947911593221728,0.35673140167430034,0.5618227565749526,0.6774206129787039,0.7433345989747134,0.7848337901627671,0.8465610836789409,0.8748312094115628,0.8532838642441658,0.8156932385110014,0.879709882555481,0.9746654519685578,1.0,0.9457455486994777,0.8102765315991938,0.6230027766037758,0.47790231934288757,0.43264575276069467,0.3690582146411242,0.33088555879186893,0.34812685423153256,0.3145778947552902,0.2557475367527731,0.18394832609025658,0.13003080440700227,0.1666950470683383,0.15900709858834558,0.14035911900227582,0.1246635811870372,0.10071806480335155,0.06996238725943042,0.0,0.0,0.0,0.0,0.0,0.08613966179127604,0.12006077453325154,0.16928306600699047,0.24293188276522926,0.3110094101775103,0.37097833653400053,0.4054809634807406,0.4280755906515145,0.4246840544312741,0.41933919831475786,0.4786904183857938,0.5573209626068931,0.6474612608488127,0.7582823233301665,0.8294580678465386,0.8423129524219245,0.7935886325977427,0.7075197206062048,0.615008520702668,0.6912003760268834,0.9222721378918989,1.0,0.9765408655178904,0.8514139499644184,0.5908858705289695,0.3386173567735074,0.4149248278724845,0.4496200379353771,0.4209114210366062,0.31708988606607125,0.1548442911121507,0.0917576386612923,0.0,0.0,0.0,0.0,0.0,0.0,0.0,0.0,0.0,0.0,0.0,0.0
0.0,0.0,0.0,0.06273788192474802,0.10265548421414472,0.08901234310646516,0.0,0.10280331462615361,0.22369135476634167,0.3198140287842616,0.3889076997881335,0.44043258227714605,0.4718252264937364,0.4191851936751942,0.3056085055675392,0.4747581058459466,0.6267077833623178,0.6761466395805396,0.652820070004669,0.6984237111476077,0.7795248831998867,0.9593050539355134,1.0,0.9464766990512721,0.7999667525049642,0.5976380433375664,0.494952114771355,0.3723282211325173,0.22698348862399162,0.0,0.14799888992733223,0.16469844605360842,0.12461427870912814,0.12430790138116238,0.12141318098441388,0.08019354306541486,0.0,0.08983462501860986,0.0,0.0,0.0,0.0,0.0,0.0,0.0,0.0,0.0,0.0,0.0,0.0,0.0,0.08184489953131706,0.12692882265773936,0.2013653751993852,0.24836481196299778,0.2902611496840304,0.3151555337491989,0.3156371638733956,0.3416265853335114,0.5078677903001458,0.6538363108916178,0.7435626826978277,0.8073403299844443,0.8506564576957201,0.849449484516293,0.7742664136743854,0.9270515627475945,1.0,0.9801095775596709,0.8653804832881209,0.6288021318276692,0.41563152701234507,0.25570165612501894,0.13768621190787447,0.18933558901803735,0.17792481085018025,0.08107567526042658,0.0,0.06157445266254737,0.0,0.0,0.0,0.0,0.0,0.0,0.0,0.0,0.0,0.0,0.0
0.0,0.0,0.0,0.0,0.0,0.0,0.0,0.0,0.0,0.0,0.0,0.0,0.0,0.18600530929753034,0.22444588219071093,0.25084800635464183,0.3841749043210783,0.4470495432496135,0.5120186316131043,0.49793906349947514,0.835475912078539,0.9691806746983581,1.0,0.9422539709938362,0.7854656539405146,0.467086598304836,0.24384817950224938,0.20329255039886615,0.20899106221035949,0.1463180572243904,0.08440590848228746,0.0,0.0,0.0,0.07623542832585906,0.11534122291971557,0.13661408746382586,0.14402798197697939,0.08891971530788524,0.0,0.0,0.0,0.0,0.06869644994053509,0.06507693236204656,0.06967317313727743,0.11687133385867,0.11956787674049768,0.0,0.0,0.058962522285375386,0.0,0.0,0.0,0.0,0.06085317340194852,0.0,0.11498938931196591,0.25574292906612545,0.33468405970055654,0.3384664967812875,0.23340050708918428,0.47701878882156645,0.5666167904115551,0.5988488278663177,0.8081545217270425,0.9400373950900245,1.0,0.983776743387092,0.8844042497317055,0.6817796110160368,0.4819291451093773,0.3484569566739269,0.11739396337697496,0.16155887522116355,0.05870266575250325,0.07683060387726502,0.06202256382668768,0.0,0.0,0.0,0.0,0.0,0.0,0.0,0.0,0.0,0.0,0.0,0.0
0.0,0.0,0.0,0.0,0.06927913327339583,0.0,0.0,0.09537142377622862,0.08593814862561151,0.06913900244107707,0.0,0.0,0.06346501209838971,0.11161764694517234,0.18331798518371353,0.1929291297454556,0.30695680243023954,0.42387595024966435,0.505436672351657,0.5959022086016103,0.8329692305642098,0.9647318194978327,1.0,0.951311345763404,0.8260499398530697,0.6939884971254211,0.5696028573535451,0.4176622156491597,0.4484405865180925,0.42055239894157054,0.32372881836710676,0.16453391706188386,0.10010959353011746,0.13875079748044503,0.0,0.0,0.0,0.07061323499148109,0.056565445824086756,0.0,0.0,0.0,0.0,0.0,0.0,0.0,0.0,0.0,0.0,0.0,0.0,0.0,0.0,0.0,0.0,0.0,0.0,0.0,0.0,0.07086866230425698,0.18430129777989104,0.23334396779233701,0.25556186287836513,0.29391431253949035,0.5364256269750944,0.777372506284068,0.9364672255824535,1.0,0.9774977436511788,0.8775602255217494,0.8086568946154726,0.8549875508141249,0.8453596943580626,0.7821473893540056,0.6777686179585158,0.5370396669992786,0.3170142657515385,0.2337095940365635,0.20624464319665875,0.12413569386187052,0.10680913526130054,0.08028442300765068,0.0,0.06175071952804872,0.0,0.0,0.0,0.0,0.0,0.0
0.0,0.0,0.0,0.0,0.0,0.0,0.11012880947519169,0.10204456614387032,0.0,0.0,0.07146627955165076,0.16234069703735052,0.2137653082959018,0.22270782260889846,0.28221128049191974,0.37863938161292543,0.4176346914955764,0.4467773689984334,0.5152322113096819,0.5553931348815808,0.8554709903116797,0.9767438960259274,1.0,0.9246112737339216,0.7464272212709226,0.7926010264693452,0.7593835134085288,0.7202452587564425,0.6485824856360406,0.47299015294934965,0.40766507608046276,0.3748044329467677,0.37097599078566024,0.39048323513259947,0.3452487724498256,0.23176205852248918,0.11788245092332525,0.0,0.0,0.0,0.0,0.0,0.0,0.0,0.0,0.07006202184153364,0.0,0.0,0.0,0.0,0.0,0.0,0.07702913629275376,0.0,0.0,0.0,0.09675908030779627,0.13761782524411612,0.18402821872282854,0.23446471380584863,0.24952694612400256,0.21541739922587214,0.2434040825391667,0.34219138947787564,0.4659521782407344,0.7477204127945558,0.9273460288604537,1.0,0.979858546054161,0.8639055600478118,0.6270166703865059,0.7027748380772317,0.778639246661113,0.7835769868462974,0.6907729088549307,0.6071979273163062,0.6702854460178781,0.6184590042485105,0.5010890897291373,0.33197971293224104,0.33622715710019946,0.3828173499071502,0.4064673106282676,0.3965240777604093,0.3423820175622884,0.22659753593298093,0.0,0.0,0.0,0.0
0.0,0.0,0.07623940648416702,0.11566721422490384,0.09521267787021988,0.08677690639411369,0.14298501798610397,0.13589644737262424,0.1609223327716193,0.2031349411877628,0.15617480885601603,0.2109936240483944,0.21642813347313053,0.38016022004323274,0.47980095742952106,0.5365433963068951,0.5533592894465703,0.5030242229984256,0.5518481449123441,0.5668655380365611,0.8267911599755688,0.9675263407263073,1.0,0.9372362266570707,0.7569798724393233,0.6158703374145718,0.6828715130247472,0.6202094692162843,0.46217812492564897,0.48464926016759957,0.4990973672111255,0.47885696683140966,0.4355355747747057,0.40789698665963836,0.39915745288050597,0.3544948112684937,0.2113873822316308,0.06257110212477514,0.1376218668856709,0.17452030998724127,0.14637578801298745,0.0,0.0,0.0,0.0,0.12003375453122425,0.0,0.0,0.0,0.0,0.0,0.0,0.0,0.0,0.0,0.13217796041695024,0.25507862236153817,0.3332830353778382,0.35003953370182633,0.30233067198912683,0.13188987299328328,0.3049107926325802,0.3196922066416873,0.3788004448246943,0.48578504924561733,0.7589247293760409,0.9294196369815612,1.0,0.9801348208542737,0.8674884983118993,0.6855817061757238,0.6814837145961236,0.7364393106199933,0.786568461055373,0.8204677982304611,0.8124301593890723,0.7687071804168292,0.7010963840098275,0.696203225791956,0.632493503655616,0.48191915937214114,0.4536763266461019,0.4565305502703369,0.3493027852366695,0.3905540597070271,0.47623238948923996,0.4864558260034521,0.4324580161829653,0.32756591729005974,0.1731852999276335
0.16878278732090374,0.1779156818771864,0.13894281878320502,0.08787144554063407,0.20853073454648013,0.31666195258131064,0.40491561096923945,0.45467455879735885,0.458319079091624,0.4164883468114981,0.4919553766043777,0.563548605775742,0.5748881531939366,0.5286873650324608,0.521784278339289,0.578371026288918,0.6384543786123255,0.7003320624643224,0.7047905859677995,0.7140588746733951,0.8701727153142059,0.9779094820468122,1.0,0.9282312597252154,0.7062032876562446,0.6160242939564892,0.44782499098174566,0.5817342554846479,0.5528311545615123,0.542060594248389,0.5428341229928489,0.5046884579217678,0.4432199876459571,0.39689113430663225,0.36393086429631344,0.32784468995634036,0.2725082605003925,0.14017870656692222,0.0,0.0,0.0,0.07517967785603186,0.0,0.0,0.0,0.0,0.0,0.0,0.0,0.0,0.0,0.0,0.15047228788785122,0.2673441888922952,0.29824363220996125,0.22751651520522145,0.1853251372418832,0.2889222725642802,0.2707492875142249,0.22316244505435812,0.20478737095256297,0.1260135332299503,0.381037991198121,0.45483734037599416,0.47121138755574726,0.764294867303829,0.932863734529868,1.0,0.9763863976331907,0.8494671244311112,0.658787533167201,0.6466201617626329,0.7314377458258844,0.8507572926526694,0.9171506430702782,0.9185295622137336,0.8644637740248744,0.8071879638925857,0.7528780672888555,0.6474716714009192,0.5089238976815281,0.5094996830843123,0.5217275531109027,0.5236154298634725,0.46913146441929493,0.4419188612991399,0.4349484976458432,0.3882668105576359,0.3928415874222921,0.38836143409092133
0.0,0.0,0.0,0.07598137496986124,0.08081633252434332,0.0683106387743208,0.12110999440142436,0.16987576513815292,0.07158268611706396,0.2718202964090987,0.35885668277828264,0.42813872562158356,0.46896811591698406,0.47915981913695366,0.5248429170460506,0.5627144508150365,0.566582144806469,0.640233891684668,0.7012566359131913,0.6936567747012595,0.8067304685033502,0.9650545760082881,1.0,0.9419278424542907,0.7600421193580255,0.6299927123733848,0.6052015283495952,0.4363550231197903,0.45838025723871284,0.4625333217565131,0.40179542104498644,0.356662020612865,0.327186922212201,0.24712955446670487,0.08481131163686063,0.137385185084728,0.06825136559533203,0.0,0.12517533855770427,0.09591711837736573,0.0,0.0,0.0,0.0,0.0,0.0,0.0,0.0,0.0,0.06176438541187084,0.0,0.0,0.0,0.07706089314810577,0.0891888017787062,0.0,0.17359804756661176,0.2874991583539625,0.3451435619768136,0.33472268775617026,0.2118328012898526,0.4156149393628683,0.49377923565203596,0.5463384673527188,0.5939174408931006,0.776371409017486,0.937461489648897,1.0,0.9713925904914371,0.8358363904324428,0.7491484033451545,0.8889818965876206,0.9177704259533205,0.8571115554506061,0.6529960146003636,0.7700876108097404,0.7543446034809042,0.7199224749127956,0.6532567111062068,0.5495192043766236,0.4195904777229657,0.5185866363335379,0.49115509124181583,0.4049684362204819,0.3492892491195285,0.32702727702132056,0.304960965105128,0.35058499278597016,0.3094284266040878,0.18494533528205837
0.0,0.0,0.0,0.0,0.0,0.0,0.0,0.0,0.0,0.13703359316274213,0.25251902719557195,0.2881089078422791,0.19638205742726858,0.28153555593244867,0.415536817596935,0.5001659456420892,0.5419726306368078,0.5969874399221143,0.6832895919716899,0.7561454534377673,0.879415444723982,0.9771655595988917,1.0,0.9460519497359188,0.8248262203702359,0.7257975876741851,0.6223663382811865,0.4469225980621526,0.3323598696648631,0.336627262533723,0.29433287758549875,0.15558542704878767,0.1804627845419337,0.14771801843081128,0.08034544309841904,0.08375765534582415,0.0,0.0,0.0,0.08549249498346312,0.08216353449486308,0.0,0.0,0.0,0.0,0.0,0.0,0.0,0.08231814634351266,0.0715819715197228,0.0,0.0,0.0,0.0,0.0,0.0,0.0,0.07592680358712639,0.12321046610336207,0.10694983658192486,0.11375699971338774,0.10338203574723946,0.3281374642984876,0.46484914160999563,0.514160790270083,0.7562159128129462,0.9382418459707238,1.0,0.9261973085026407,0.8417542189527106,0.9623524325068258,0.9602522795256981,0.8662687697913996,0.8387170833321316,0.807431010852054,0.6386740902443273,0.5546460524809207,0.5289940027558819,0.3953001959141496,0.4313105368231041,0.47107472371248893,0.4254558264577773,0.2624147136005251,0.17483103187499777,0.253159254207166,0.2624809866092578,0.19650761185099042,0.09491290475581556,0.0,0.08776198857148876
0.0,0.055073619019542636,0.0,0.0,0.0,0.0,0.0,0.0,0.0,0.0,0.0,0.0853032982555723,0.09271539528900097,0.08682418246838748,0.1422065587168232,0.21256336280702506,0.2602432235940932,0.281880958029306,0.4280058151690901,0.6183026917714483,0.8453635171428592,0.9669852514630981,1.0,0.9599114948712062,0.8798943358859095,0.8112502311665132,0.728537526756407,0.6192364979225844,0.49092615434069464,0.3637263657495909,0.2502860120330179,0.14507706375675508,0.0,0.07136702919504735,0.11826546558514767,0.0,0.0,0.0,0.0,0.0,0.0,0.0,0.0,0.06232196295095611,0.0,0.0,0.0,0.0,0.0,0.0,0.0,0.06285410567688468,0.08846794418016792,0.07685021268090755,0.0,0.0,0.0,0.0,0.0,0.12145234290820665,0.1811995720415701,0.21329652529377888,0.2424250096921785,0.43446465950224566,0.5977685694681009,0.7665814455873617,0.901475508120184,0.9782373484557058,1.0,0.970119262134407,0.8869397300898465,0.7254162960381152,0.5466460523696951,0.5345494391568804,0.43609702664351335,0.3510624493728545,0.2733629728119906,0.20007616288525157,0.14957706582072888,0.09295350285513931,0.06169031551542239,0.12401381167935156,0.10272549853073644,0.0,0.0,0.0,0.0,0.0,0.0,0.06208986205883984
0.0,0.0,0.0,0.0,0.0,0.0,0.0,0.0,0.0,0.0,0.06490219304535999,0.0,0.0,0.16552214886543198,0.24829124545446282,0.27880375043288186,0.1952988410893945,0.2360637359738465,0.2977502490916944,0.6081985196441019,0.8454385564433496,0.9674224962478808,1.0,0.949699440265678,0.7994304808824959,0.5672095207315058,0.5824042985578355,0.7080724850450162,0.6678769530378864,0.520424919084922,0.41749715731822934,0.42975105952544107,0.3706089331699228,0.09465123891909845,0.2610267925671406,0.2553375913237408,0.19651576630016415,0.0,0.0,0.0,0.0,0.0,0.0,0.0,0.0,0.0,0.0,0.0,0.0,0.0,0.0,0.11739674619560798,0.14406625216161628,0.20214409999362404,0.31643657706582734,0.36846292906312117,0.3820455190296223,0.41190360470016224,0.497705471754466,0.6119197699697596,0.6987615716140742,0.7532428225018715,0.7856144260008949,0.8027663307545939,0.8256375720158295,0.7893560014361812,0.7489864582653466,0.9107787770294116,1.0,0.974008799841947,0.7257027949450264,0.8284495203720782,0.7704306669708991,0.6512865974011939,0.5015707615604819,0.3273508431169934,0.20123731812799114,0.25105653316963433,0.22567162485831604,0.15690152496279786,0.07498563527890371,0.0,0.09517489358703211,0.12477651395991031,0.11706753054862866,0.09053782303037763,0.0,0.0,0.0,0.0
0.08993374201114729,0.0,0.0,0.0,0.0,0.09952557537728848,0.11251739960185672,0.11269288722247595,0.07767230974693755,0.1471470001955439,0.28147928443963016,0.3875450018408368,0.4454839207800721,0.4663499718362007,0.4336819061620264,0.3077902529022988,0.4227724724698997,0.5772042988758949,0.6447746042863574,0.636360595930542,0.8487604306119511,0.9726401818633237,1.0,0.9366904784113501,0.7514934646073475,0.6896752547695485,0.7612113304653788,0.7827929776027817,0.7235197899196614,0.5940035493848912,0.47511220328333065,0.4663954014879283,0.49437500199462375,0.47668863910901804,0.4800159192868877,0.4971926610122391,0.4662630048224242,0.4152640454961053,0.3583609624525508,0.2530337619025619,0.15928959931860115,0.15613001378486252,0.12458411560376995,0.0,0.0,0.06489769285858328,0.1071543111673312,0.0,0.13941202460694305,0.18080711565354637,0.0,0.18220531668406745,0.27056378389993574,0.40737984113259584,0.4400371377477558,0.30122501970537924,0.48365631238894813,0.606337617176195,0.7017683767504174,0.7700692249665283,0.7820289940639532,0.7889519166395141,0.8905790561476582,0.9337485678317413,0.9055550553489318,0.8724183704711929,0.9519384974339725,1.0,0.9736464975164608,0.8645169105231074,0.6927845608088012,0.5928337061839792,0.579487356837149,0.5565117870285615,0.5464216966078087,0.5155028558720975,0.4871442180612657,0.4357314600760784,0.32728937832677474,0.18893991006242936,0.21512207116524418,0.18527413116606373,0.0,0.0,0.1193165941288429,0.0982839723553054,0.0,0.0,0.0,0.0
0.0,0.0,0.0,0.0,0.0,0.0,0.07706333275058429,0.10254910536245036,0.0,0.18384556920219347,0.2633717169650098,0.23975906824447382,0.19941181021090046,0.264171184149526,0.23954448887336546,0.4948584476672381,0.5984869334558711,0.6535476113356506,0.6689270371437616,0.5971907265549586,0.8717488570751947,0.9849524786782223,1.0,0.9137582126133137,0.8482316325875707,0.8865752548053452,0.8778864350112168,0.8155815099846425,0.658365574755397,0.5903829278367906,0.5637673063294122,0.4766251926213938,0.3951114329146311,0.3553383075980358,0.2943239691601436,0.320993368828855,0.3944899050234488,0.4078405091406694,0.39716090471699084,0.3605443762153845,0.2934301830164015,0.1979948181869138,0.09798055921325267,0.0,0.07403900086933302,0.0787324286139844,0.0,0.0,0.0,0.0,0.07966264960564183,0.1538492276054632,0.23599239596598057,0.34411725965180784,0.43606886725787236,0.49091940846186133,0.4905940214217042,0.3936566253735792,0.5235799175026733,0.6727598247913126,0.7409726685738351,0.7937112070648603,0.8379425569853868,0.8227247586876915,0.8335394885938369,0.7715273413151371,0.9030707091249337,1.0,0.9784975221082719,0.8482861952175992,0.49845243418764484,0.67545520964417,0.6525770744067299,0.5400069080734075,0.22077982959930226,0.3057431137573739,0.22205894376807128,0.2177353928624756,0.2331851275655891,0.19967552497462918,0.1549594309593802,0.13125072692469095,0.09652874639265618,0.10346355325944236,0.1046301748586532,0.06968250606115317,0.0,0.0,0.0,0.0
0.0,0.0,0.0,0.0,0.0,0.07188696356932918,0.0607237761535832,0.0,0.0,0.0,0.12246858215575765,0.2215132072383692,0.26021207841658367,0.27877541497171604,0.30542740338504343,0.397653040089203,0.473527518527751,0.5157381520103436,0.5446098533980469,0.6968839726373839,0.8494303788283365,0.9717798706273448,0.9698553596611681,0.8386799752351471,1.0,0.9654055460812225,0.8442758025414892,0.6589559215582986,0.7140373272417919,0.7066552146900782,0.6399915212711453,0.5408381843536378,0.46475068304550904,0.3980916271525255,0.32661325533140184,0.2680482661061176,0.1747132320835781,0.1402884347601252,0.1233227129040644,0.08201147732945646,0.0,0.0,0.0,0.0,0.0,0.06820412772326725,0.0,0.0,0.08687865043384185,0.10308966169133513,0.0,0.0,0.0,0.11103339669588483,0.20505803538642645,0.3513481161586735,0.43642224333458113,0.4793034521585175,0.5155891620718561,0.5226072667909933,0.50540193971829,0.6605016506014185,0.7556843120664285,0.8220861270651866,0.8641741125542037,0.8874073143919651,0.8524720434691999,0.9972796568243071,1.0,0.8968045962596268,0.696819285418509,0.5598049458950036,0.3119610514453188,0.3961095502268098,0.3512579961521551,0.0,0.27087357149990976,0.25449996246425877,0.15583078972485911,0.12561918549739423,0.12908506600851144,0.0,0.0,0.0,0.0,0.0,0.0,0.0,0.0,0.0
0.0,0.0,0.0,0.0,0.0,0.0,0.0,0.0,0.0,0.0,0.0,0.0,0.0,0.0,0.12653943071276727,0.17346445774224675,0.14093567038601673,0.33350393894308744,0.42687205701639147,0.6126914354853163,0.81943399674923,0.9534065308967906,1.0,0.9676001125894765,0.8507661445751707,0.6232152200356185,0.49075600158005195,0.4645610628399009,0.20323043506562583,0.313835032665329,0.25378674566425413,0.22375110088802916,0.15865634494306788,0.1080946173110262,0.13133322794468583,0.1094317131737564,0.0,0.07049095009763419,0.07967291895813343,0.06660291781337635,0.0,0.0,0.0,0.0,0.0,0.0,0.0,0.0,0.0,0.0,0.0,0.0,0.0,0.0,0.05812772599538093,0.12297938531761043,0.12989447992649916,0.16332953426618446,0.22815057116868162,0.27300055720372496,0.27889074828915,0.3864137518761032,0.46255321786325015,0.46491079354352033,0.5935129703602458,0.7717661776186615,0.9352868972041346,1.0,0.9753861262875867,0.861786493401626,0.6416538903339021,0.3259223192297759,0.16881612885814207,0.0,0.08037174714099114,0.0,0.0,0.0,0.0,0.0,0.0,0.0,0.0,0.0,0.0,0.0,0.0,0.0,0.0,0.0
0.07357133244364104,0.06204700602682041,0.05772600015584,0.05356628499246032,0.0,0.0,0.0,0.0,0.0,0.0,0.0,0.12003311317105811,0.16289233524065824,0.20439848743544747,0.17922135705965492,0.4113468886532598,0.531560770053132,0.6101565994667021,0.7180866341865988,0.8623329578329727,0.9607906354378914,1.0,0.97762024796418,0.8795074730739862,0.7020465901519053,0.6094668350195654,0.43099834600462206,0.31013564496277995,0.2623433036051378,0.1050430824889745,0.14422275966095469,0.18157665515872423,0.1638308922277394,0.0,0.0,0.0,0.0,0.0,0.0,0.056835815997925976,0.0,0.0,0.0,0.0,0.0,0.0,0.0,0.0,0.0,0.0,0.0,0.0,0.0,0.08111894353814614,0.07439390753171632,0.0,0.0,0.0,0.0782376269912007,0.16717737677065125,0.1587840561545545,0.2189978364487909,0.2760154815809413,0.370306739694311,0.44421536565343983,0.708394277044378,0.908975342973249,0.9958197980032578,1.0,0.9384098231862962,0.851008658073774,0.7462238436063434,0.6157077185779192,0.5085625820807546,0.40133343556662426,0.24387699433341073,0.11767312355664993,0.0,0.0,0.0,0.0,0.0,0.0,0.0,0.0,0.0,0.0,0.07840157674775061,0.0,0.0
0.0,0.0,0.0,0.0,0.06246935913563784,0.10187177467547882,0.1684486543659585,0.2743895845411111,0.32663842980173863,0.29979542953147176,0.2920710106297206,0.44810938611765166,0.5209618078651125,0.5839224318142562,0.6521748650743021,0.7191387294994627,0.7881277491074127,0.8246501472438663,0.827862725325547,0.6823044740552243,0.9035083942324483,0.9753935105097934,1.0,0.9634777059195632,0.8438324022763087,0.6614677027265015,0.5881906938298852,0.5418169724705798,0.42902529876452156,0.2701623733551915,0.20343921383344424,0.12401202620041059,0.18187872900352983,0.1442946196848989,0.07585530631780067,0.0,0.0,0.07502389374178678,0.0,0.0,0.0,0.0,0.0,0.0,0.0,0.0,0.0,0.0,0.0,0.0,0.0,0.0,0.0,0.0,0.0,0.0,0.11740003062733038,0.08153206008585086,0.2286458161226217,0.37343762034192496,0.4377424062145775,0.4299687690864332,0.39295841762419537,0.4735758950962052,0.553187598733695,0.6806635280357297,0.9182998766600826,1.0,0.9659729474589451,0.9022499834248885,0.9425131594781231,0.88353835809633,0.7161456659018126,0.5362435427428838,0.5792436547439352,0.5566535229994043,0.5299342754422465,0.465215486514915,0.3770088422993393,0.28602766886725683,0.22719504448159183,0.16826221135188715,0.1406300058553426,0.12070369784036654,0.07980893371816632,0.0,0.0,0.0,0.0,0.0
0.09983936028175827,0.14293042488885963,0.2272102306343585,0.3212169949269116,0.34020376817574755,0.3354863872366477,0.35191720990517417,0.28922186313417797,0.2981242779246149,0.44132770924999776,0.5424447422677124,0.5742341317415337,0.5832455850311615,0.6257236026240122,0.5930014321779505,0.6587753166595667,0.746945904918392,0.7573563370735007,0.7609475900490328,0.7575870617505814,0.8605720138158003,0.9710419400235996,1.0,0.9447951286664091,0.8033886567087216,0.6060872421813668,0.40522502350223527,0.36201433908376357,0.3548714758737769,0.3000571181762012,0.1903247408782379,0.12285864631838635,0.14138056090351248,0.0628459780824034,0.06260646558369555,0.0,0.0,0.0,0.0,0.0,0.0,0.0,0.06656430032897377,0.0,0.0,0.0,0.0,0.0,0.0,0.08606426673521073,0.10386925566449243,0.0967921103214019,0.0,0.0,0.11665349458195173,0.2581864665417592,0.33149126165917386,0.31523694382058165,0.29739605652055656,0.43480290115203135,0.4997055958454472,0.5521527139665132,0.5834786164907064,0.6182475400125684,0.7056696282608189,0.8357354716890244,0.9494945390013707,1.0,0.9809456093416596,0.9297263772490677,0.9012772192071752,0.8438490697388451,0.7156582150327755,0.4535260295560973,0.6796338328131583,0.6729824557848655,0.5992663558778056,0.5120964574494954,0.4355114393222252,0.3704588712687944,0.35581257011769835,0.3565370049194522,0.2866220209501345,0.11002111473806298,0.1704950988425778,0.14485482753528042,0.07091434245751631,0.0,0.0,0.0
0.3135543679067735,0.3736021788275164,0.42413844991038774,0.44044764593899177,0.39543894998346757,0.4185751103584423,0.4204415933844475,0.46002787428805375,0.5376797418325935,0.539996997869818,0.42606271857069616,0.5945567112470168,0.6277365857887344,0.6729781122822266,0.7515531518804239,0.7512777634308849,0.6934378840205299,0.4897712650035951,0.6945163527971591,0.7161285932916931,0.8346542036436049,0.9695152906888974,1.0,0.941227648466767,0.7883302545826295,0.5846445778968812,0.5139758308654013,0.4429051293375185,0.32095782955134344,0.14691233202272433,0.1763879738610613,0.24797851435842055,0.25753009875349003,0.22292929049046473,0.16840893737572016,0.0,0.0,0.0,0.0,0.07575007539587549,0.08090207040002276,0.0,0.0,0.0,0.0,0.06977039649705838,0.0,0.0,0.10624851607145892,0.1605962341443121,0.12194989231499231,0.1449279950225113,0.20999722875448804,0.2317717242133404,0.2243134464425744,0.28741985454251445,0.3654752371099444,0.40274493295066416,0.41634383835077843,0.4602487076185111,0.48704343761202396,0.5724833155178283,0.6168980966296053,0.40342174112682844,0.6449321529390433,0.6713114409242406,0.921136370672763,1.0,0.9759776213354995,0.8049083784931669,0.8242215005123097,0.8175150281323996,0.7626186714929879,0.6640018265094253,0.33550948645297474,0.6518525181274658,0.6838188013260015,0.6677118747866854,0.6622453959723907,0.628799838624413,0.5541649380043445,0.4218333963579028,0.21707564040855265,0.32686704029952524,0.26528097918037713,0.21692507437245478,0.26835362852853517,0.26251003145862967,0.22162214623517226,0.16935316107926993
0.2720855063063326,0.309173508840363,0.304177620063127,0.2814540170813501,0.26403576701629516,0.2840857489876404,0.3184108048969283,0.3871250804874444,0.510244433377656,0.5755524111130942,0.5937363684612026,0.5998393666480668,0.633137699393415,0.6838886389822382,0.7073013821145452,0.706143006174217,0.6651246447813429,0.6819385943617696,0.7163652654370491,0.6651846507708462,0.8480827143429475,0.973284676968355,1.0,0.9385288027462797,0.7745434372928375,0.41457489747212345,0.32289847645633346,0.2818457821010247,0.27194968359286836,0.3139652921552124,0.3418900283874517,0.3449583386901595,0.3262520154587144,0.2690660796445897,0.16546424204236898,0.0,0.06372413744690683,0.062440338568954444,0.0,0.0,0.0,0.08145406759272299,0.10290058239871865,0.09618808832247465,0.0,0.0,0.0,0.0786870894577764,0.1295858966852889,0.0,0.19008908312495454,0.2723377549102899,0.25979571311769306,0.14217666302819115,0.27042628802646107,0.42918319174083375,0.5220329988818089,0.5713543657941011,0.6188278176693324,0.6613660162322396,0.6456285163361264,0.5542819335784523,0.7584454792859479,0.7959817291560857,0.8307419166740759,0.8278369301099349,0.8535575450191226,1.0,0.9881039463196378,0.8466108299451082,0.7488245510082698,0.6947456197885784,0.6187150653929385,0.5430713061165293,0.6361876198866177,0.705636068631485,0.7285061847178796,0.7264654798003036,0.6889246597399219,0.6050104996226884,0.4940385725889034,0.4078806423860794,0.333704589212461,0.20855375675843874,0.19638643199262446,0.2613165866655168,0.21366742477098266,0.18567646659922923,0.1898358257054832,0.13468604027389713
0.0,0.0,0.0,0.06344322616356406,0.10643838508273513,0.17926709450923045,0.2435312286957488,0.26354092029764664,0.25255772615073274,0.32641539012645504,0.45371465202007905,0.5955354690987363,0.6871396427054973,0.7386590905105297,0.753246865022597,0.7075590464950612,0.6731454285287178,0.702225723184668,0.6462213384342376,0.6511052266339984,0.846678534339789,0.9693398786587435,1.0,0.9435188246713837,0.7883053993640873,0.5093378153687239,0.38201185672113996,0.2936073887786806,0.3221190341397259,0.3464131103523581,0.31226843057743997,0.22673618009566257,0.0,0.1074685007311464,0.0,0.0,0.0,0.0,0.0,0.07941404724432094,0.07652390255706959,0.0,0.0,0.0,0.06632189102573373,0.08576689843006267,0.0,0.0,0.0,0.0,0.0,0.1145555251258508,0.19857306178403383,0.2801047709939215,0.3164394819423108,0.3184166982983355,0.37401146234861476,0.49892066282740277,0.6288132830120557,0.7117962876459457,0.7434992180676252,0.672626742427071,0.7467223033892951,0.8759867567213758,0.9098012679912819,0.8800473292393166,0.9226327120660474,1.0,0.9793944547334027,0.8709712968593435,0.707178554506637,0.6076231740516783,0.5983520385062985,0.606276750896623,0.5642851889665951,0.5149085998583097,0.44520663302814584,0.274710811187236,0.41978252301325614,0.37682443293389456,0.0,0.2609507943124591,0.2230040772015826,0.205891658812166,0.17902736146563591,0.1427637607921846,0.1148348502770462,0.0,0.0,0.0
