0.0,0.0,0.0,0.0,0.0,0.0,0.0,0.0,0.0,0.0,0.0,0.0,0.0,0.0,0.0,0.0,0.0,0.10397156175943949,0.07470781298209521,0.6447809281587054,0.8835457919198876,0.9919232504724256,1.0,0.9094547803975958,0.6957239768129777,0.2188162452818116,0.0,0.0,0.0,0.0,0.06564167812262056,0.0,0.0,0.0,0.0,0.0,0.0,0.07547960112153507,0.09700789593921443,0.0716632356810875,0.0,0.0,0.0,0.0,0.0,0.0,0.0,0.0,0.06014308031503037,0.0761290652790363,0.06788123551693606,0.0,0.0,0.0,0.0,0.0,0.0,0.0,0.0,0.0,0.0,0.0,0.07664087629442456,0.0,0.454612251943425,0.7844557475406954,0.9475491943395042,1.0,0.9541209086689563,0.8003601821045212,0.49538249162745107,0.0,0.0,0.0,0.0,0.0,0.0,0.0,0.0,0.0,0.06623252938858779,0.0,0.0,0.0,0.0,0.0,0.0,0.0,0.0,0.0
0.0,0.0,0.0,0.0,0.0,0.0,0.0,0.0,0.0,0.09987522520394258,0.11085250574596503,0.0744871640171708,0.0,0.0,0.0,0.0,0.0,0.0,0.17965306520705984,0.6346594468487134,0.875190271657192,0.9875518880314351,1.0,0.9151047323361239,0.7130083457586993,0.30550041316464105,0.09001437764710134,0.0,0.0,0.09750183061113975,0.0,0.0,0.07196346750509484,0.07208109265131556,0.0,0.0,0.0,0.0,0.0,0.0,0.0,0.0,0.0,0.07340696534218862,0.08518558212115966,0.0,0.0,0.0,0.0,0.0,0.0,0.0,0.0,0.0,0.0,0.0,0.0,0.0,0.0,0.0,0.0,0.0,0.0,0.0,0.4549805469825816,0.7834452114425916,0.9461558041353719,1.0,0.9571748207825205,0.8080301670832712,0.5072872245612129,0.07078456886968437,0.0,0.0,0.0,0.0,0.0,0.0,0.0,0.0,0.0,0.0,0.0,0.0,0.08787804735934941,0.0,0.0,0.0,0.0,0.0
0.09311164845988752,0.07726168659212601,0.0,0.0,0.0,0.0,0.08166901813882362,0.0,0.0,0.0,0.0,0.0,0.0,0.08171235277660187,0.10768308758817623,0.10607335466758422,0.08809855629501487,0.08281292255623521,0.12168807728379838,0.6296347377924144,0.8704552457844024,0.9847491333960516,1.0,0.9190075863922978,0.7226259682217001,0.332425115347823,0.0,0.0,0.0,0.0,0.0,0.0,0.0,0.0,0.0,0.0,0.0,0.0,0.0,0.0,0.0,0.0,0.0,0.0,0.0,0.0,0.0,0.0,0.0,0.0,0.0,0.0,0.0,0.0,0.0,0.0,0.0,0.0,0.0,0.0,0.0,0.0,0.0,0.0,0.4801133435628546,0.7721775612168524,0.9372402936640195,1.0,0.9666514025335554,0.8280387792279598,0.545479323557114,0.11750846142007658,0.0,0.0,0.0,0.06235646426387823,0.0,0.0,0.0,0.0,0.0,0.0,0.0,0.0,0.0,0.0,0.0,0.0,0.0,0.0
0.0,0.0,0.0,0.0,0.0,0.07844915091336574,0.07869520187508125,0.0,0.0,0.0,0.0,0.0,0.0,0.0,0.0,0.0,0.12288643724455636,0.22220683153158619,0.3272731792776838,0.5824766641339915,0.874734100333052,1.0,0.9910545057929291,0.7776079935420468,0.7714490361091008,0.6862404355317996,0.484184474615075,0.27996524911478887,0.158951486722322,0.07062884118323474,0.0,0.0,0.08465646621214239,0.10272822539213279,0.09998171198481556,0.0,0.0,0.0,0.0,0.0,0.0,0.0,0.0,0.0,0.0,0.0,0.0,0.0,0.0,0.0,0.0,0.0,0.0,0.0,0.0,0.0,0.0,0.0,0.07137869597988879,0.0,0.0,0.25591157463734404,0.5005488969972779,0.666576163157412,0.7682180699520897,0.8563931781560851,0.9559468758404686,1.0,0.9550124485717838,0.8107185153811937,0.5870443558759082,0.27711480014610984,0.0,0.0,0.0,0.0,0.0,0.0,0.0,0.0,0.0,0.0,0.0,0.0,0.0,0.0,0.0,0.0,0.0,0.0
0.0,0.0,0.0,0.0,0.0,0.0,0.0,0.0,0.0,0.10513293414239376,0.12844303347163583,0.18203267594677802,0.2349527198060413,0.28285901327898705,0.35733651573975717,0.4306452235047327,0.4793851787801619,0.5659451546121875,0.643239387057187,0.569393852113157,0.8580989551436795,0.9889822383644538,1.0,0.9109802323846892,0.8631416544724313,0.8042853328695381,0.7286635069798354,0.726925109681915,0.6365678256678884,0.3705334582708858,0.3872733755934166,0.33883878354812574,0.233992501861235,0.0,0.0,0.0,0.10912109522509862,0.0,0.0,0.0,0.0,0.0,0.0,0.0,0.0,0.0,0.09257851318140516,0.06659877113391262,0.0,0.09156469575034294,0.16723299091340751,0.203194464684077,0.2143225470922131,0.2445022754136872,0.1596611690424082,0.3295674019864986,0.4046602956729091,0.39255067870703597,0.45088436803481025,0.5782241673443329,0.6887477918433287,0.7485428923097639,0.81669426197569,0.8905224819721476,0.927989260915051,0.938852358486918,0.9762190412663939,1.0,0.9485082754143795,0.8150723870977084,0.674488213260109,0.5398001608441229,0.34279950861207614,0.3019678815837533,0.2714206165995273,0.23587913980097103,0.16110742044069798,0.0,0.0,0.0,0.0,0.0,0.0,0.0,0.0,0.0,0.0,0.0,0.0,0.0
0.0,0.10389357229033849,0.1624998649855977,0.1574569488340901,0.09772202596261287,0.15846445537556467,0.25080697911904803,0.31691084736222996,0.3663396849221076,0.394635400453421,0.401760925347867,0.3319874583565882,0.3632108497028625,0.5467317589375007,0.6077141522428121,0.6542632023726499,0.6709447325164731,0.6334709430168417,0.6630390817903129,0.7592021545863961,0.8690683351399261,0.9873916414293628,1.0,0.9164024239562651,0.8355467445580287,0.761004705559051,0.9106651697868436,0.9641006983751752,0.9155850204571336,0.793947586416029,0.5972486146382497,0.5423068806722386,0.5532642480887745,0.5475245450150019,0.5141421593454715,0.4000699282471754,0.1784265366947171,0.16057668774980888,0.25289392307128855,0.27049503163988914,0.23985898959167817,0.1224443636354615,0.1614848649706542,0.1942778926395892,0.0,0.31615580879729166,0.41426867757213637,0.4527739017021464,0.40538978339372717,0.361162732526035,0.5151985851616607,0.5548115317708565,0.5328588680784115,0.5211142312742492,0.48508309887494544,0.5880795531452745,0.737378348506905,0.7688394342683895,0.6898201628213806,0.7814266108782649,0.9016042292926919,0.9054185243367979,0.8631636231008825,0.8512381993680694,0.8445644663348703,0.8495580504302402,0.9441458688328566,1.0,0.9477122788001956,0.7368412815843566,0.5878903268621644,0.5648192552229159,0.5629746981208087,0.43255374147126613,0.4577982884394065,0.4439170904559689,0.3439488025682492,0.2229465403095043,0.17543293246649377,0.2269341457711865,0.22123784276358616,0.1384447663017419,0.0,0.0,0.0,0.0,0.0,0.0,0.0,0.0
0.10743860126320087,0.1465583826717433,0.11898412374228184,0.17724507764932143,0.29799430583636893,0.3704113098740053,0.41408915133614527,0.43181669514978116,0.42831193442833,0.4309322239584399,0.3674511354125106,0.5007828333838948,0.5620148738324294,0.5351436948284908,0.6388125214501892,0.7239909878537635,0.7658344204838774,0.7541415741503619,0.7232214002071735,0.6392944496001093,0.8568971331894228,0.9877725301751233,1.0,0.8877803060796687,0.8469601545260548,0.860267635278337,0.7146580722768577,0.556525856239125,0.6514909524068523,0.5716452121888467,0.6186107963323338,0.6669459086860168,0.6175277360048322,0.5340067194013791,0.5654101177471804,0.6193865010736914,0.6124058194715611,0.5582189348773906,0.5103669931325343,0.4743208611941,0.4088825609241834,0.36090709607304994,0.35839912711546895,0.4842410915382344,0.513295368708884,0.44909230149857315,0.5286999385380317,0.5342861223578517,0.4722066529232654,0.40562181240490847,0.5806061106805657,0.6943316751348109,0.7564835680358276,0.7659700725327914,0.7452146014818751,0.7735697224417809,0.8210140467193078,0.8590102588582633,0.8689500871452097,0.8298089480924165,0.6853592421780408,0.5532436847335237,0.5502014356666514,0.6852419939178858,0.7020326064409399,0.7517346740972793,0.9468601300221813,1.0,0.9508101208669277,0.7916946766771216,0.6197702499911425,0.5581451815691156,0.5525224104614825,0.5199558161263378,0.38204398021998887,0.1956438335741224,0.3577319966455691,0.35105403041732647,0.3484371678945074,0.3455017665293238,0.35049200456686375,0.3919068820139738,0.3855872419968438,0.311606193093375,0.14096309640495874,0.16847875498083786,0.15742351685712525,0.0,0.0,0.0
0.49747152413163515,0.5118743059214006,0.5401426361592271,0.5687105090624318,0.5450563682867157,0.58270074161018,0.7170951941800862,0.7795320841187289,0.7974529294545116,0.7823959252395135,0.7428558991889038,0.7229643311347879,0.6984648772401097,0.6109911960872032,0.7395793221834531,0.8277102096673784,0.8236482684606359,0.7567310746292808,0.662040835029044,0.6470780753973522,0.8831460696711754,0.9906275683580467,1.0,0.9181107364681466,0.8061546319585609,0.7455555577228687,0.7170012198656789,0.6644049847011061,0.5365648081545413,0.6350772188778256,0.6013598507402944,0.5061017973566005,0.38531206889226655,0.43355428085852726,0.42366801294110407,0.3017171853716116,0.3543570212099639,0.5271781686637733,0.5668925401084739,0.5394682586466104,0.46145957603757215,0.32511666150093177,0.28689167516902236,0.28563833875449424,0.31336871272177025,0.3533020593146258,0.3990836115945034,0.3020497975474623,0.5360140993673699,0.6801897447090423,0.7216854502685048,0.6956381237239652,0.6504482173404864,0.4195276966896309,0.67834528153821,0.7127320148431607,0.6406720208901983,0.5999671052030439,0.5902219594598824,0.5292139849036045,0.53526168405341,0.5524086394208417,0.491620591718116,0.4932089722833269,0.5764602753695303,0.7824900951325043,0.9430292901165592,1.0,0.9630515264560581,0.8288002027816205,0.5792367858002997,0.45805017231575523,0.4831317975593511,0.4814732934825737,0.3429557453152785,0.3246140969972832,0.23335933556852873,0.10053748971282167,0.23746119110250563,0.24047253688397097,0.24500701629102006,0.29638411999317127,0.24176061292169784,0.15531219232817287,0.16901512357534434,0.11220589344565109,0.1375806449750758,0.0,0.0,0.0
0.3593865687632014,0.47235386417797476,0.6040677828081599,0.6928286551604201,0.7246730345258214,0.6946937885590608,0.6215888716291822,0.5453042639477623,0.6436711569193596,0.6742306182365603,0.776004091460743,0.8208481922826736,0.8429056621526554,0.831162257947778,0.7540033426567357,0.6327669384165615,0.7136308500304724,0.7762363980828915,0.6889158362929947,0.6511697594802589,0.8744202249105959,0.9869792904551108,1.0,0.9152119978656165,0.7228045190145163,0.6448706496851973,0.6453389404705054,0.5526575259526333,0.4980607648414134,0.5357361049307116,0.5643413246833843,0.5819628865765032,0.5357248557978926,0.0,0.4776853434762754,0.4292001300303391,0.24330374635450838,0.32494908599456285,0.4062226793353858,0.3847317577726172,0.3105292913559693,0.2859221520621969,0.32180804608621355,0.353201024805874,0.3802748272368707,0.3313526635152515,0.33274192963079363,0.4998520571077649,0.559001606170361,0.5857064899573536,0.6531041915337505,0.7202423906031323,0.7629351580196235,0.7620324218042823,0.6792788648839334,0.6096571986031598,0.608684169431871,0.6140270950712201,0.6880451757377126,0.698747807808759,0.6562324064519994,0.5009680108299849,0.5232604744319589,0.6278382770258523,0.595967100474743,0.7601165242956728,0.9416388990129283,1.0,0.9540881803147854,0.800001281201639,0.5621224843307292,0.46487599837060173,0.2880185720301977,0.3375154702544108,0.3026598642335287,0.2562127123391821,0.3171490824258895,0.3814917629696735,0.4361174076949807,0.4426930705071529,0.39691882029661013,0.34580192412447014,0.2886480366148785,0.19476119355533075,0.18084743038318016,0.1508774979502308,0.1701830899920439,0.12628912883435195,0.0,0.0
0.0,0.22369184274453816,0.2898905350047035,0.3093662459660444,0.3800235473676946,0.4379317421525744,0.48504744046675285,0.5603395356995964,0.6126507474512541,0.6576726965825956,0.6924771831237525,0.7118633802882337,0.7317165116675753,0.7538221131284447,0.7389809332497402,0.7043273626894307,0.7390224560039866,0.745536354113721,0.734070556973112,0.6286191056821583,0.8442691384091997,0.9771738269707183,1.0,0.926891552825156,0.7639621225459781,0.546019223741123,0.35642561984106036,0.3775186499384807,0.33460227112142704,0.3360459212497612,0.342232616230867,0.34656499206442254,0.3608251743835661,0.3741318746607485,0.33874219775409464,0.19758347664141981,0.0,0.0,0.15609420933477258,0.15840442519404058,0.0,0.0,0.1808150630003756,0.17991445781267282,0.20049989470245008,0.2947964779252952,0.2936265272590202,0.23324989001603513,0.08074445575781512,0.14012189000642267,0.24976881633034737,0.4140705424227442,0.5080875965753637,0.5511328198708797,0.56751564955098,0.58302966217718,0.6301765157549621,0.6680768250627227,0.6679365089794851,0.6016583241631005,0.6641122084951981,0.7526283609255657,0.7690383904233856,0.7396920656983076,0.7257033928841262,0.6941542907911981,0.9390589698417399,1.0,0.9541208485202265,0.7937047963721605,0.4392837709006,0.37949784487013793,0.3795938363199969,0.3112271513904598,0.18323819271838407,0.09150099924705596,0.16057006328324702,0.0,0.15273675903492628,0.12185647669347123,0.0,0.1421732046827462,0.1750703017191348,0.12731345258334506,0.0,0.0,0.0,0.0,0.0,0.0
0.0,0.0,0.0,0.0,0.0,0.08698327478673101,0.0,0.0,0.1540388597169089,0.20759590117326326,0.19283060392879744,0.0,0.18006182669665305,0.3958026910792387,0.4596832333293549,0.4479212663747572,0.5082807437148835,0.38424829108751757,0.670599731167925,0.8040184270081382,0.9199108073674872,0.9971057353158286,1.0,0.9205117592327364,0.765668755670355,0.567848364585225,0.38311341290004064,0.29047639844284784,0.24734075622361282,0.1606517103050105,0.2732737227944418,0.22886157822417602,0.0,0.0,0.0,0.07037424956412558,0.0,0.0,0.0,0.0,0.08695061972701168,0.09325994643100216,0.07669639672577613,0.09537886668356216,0.11821202273118346,0.0,0.0,0.0,0.0,0.0,0.0,0.10384062415814327,0.16703190371755147,0.1359573043824321,0.0,0.17888468511154007,0.2380651214263839,0.1685559563281163,0.3025535173932836,0.3990386012776501,0.41014996819242516,0.4235030418161627,0.42448462432541983,0.4929486628662993,0.671065410708974,0.8345133877406702,0.9567299624238524,1.0,0.9573439794663147,0.8229872926752352,0.6539347839264509,0.5841850490995983,0.4234421856204715,0.37757931375998127,0.43700877748113515,0.40625124340662494,0.3297778720126642,0.23686732141496364,0.18369213700785791,0.11369094601403863,0.0,0.0,0.0,0.0,0.0,0.0,0.0,0.0,0.0,0.0
0.08571594528557415,0.0,0.0,0.0,0.0,0.10007405450822227,0.17074329998685556,0.2718736226902851,0.342919842372307,0.3883619769303995,0.41788574569537523,0.44360616818209514,0.4846241551566937,0.5164865464726041,0.5415237494963983,0.5432354126043479,0.4671897987064191,0.5727746389981633,0.6226689829422887,0.7096272003749536,0.8804859780766714,0.9871269459610171,1.0,0.9323368257826592,0.8516721980505839,0.8195127485040451,0.8170312104960412,0.7749529697417785,0.6720732287254962,0.7307069744816173,0.7126692641001987,0.6561897818646116,0.6286202632324405,0.5857475639646871,0.5092630013185652,0.4183311245510668,0.3110327118529696,0.1715456810214011,0.0,0.11092086400707937,0.11056147296171956,0.0,0.0,0.0,0.0,0.0,0.0,0.0,0.0,0.0,0.0,0.0,0.0,0.12334724148745577,0.20560680640871323,0.2648125041878711,0.27985504339815687,0.23095124274919318,0.22983156730087861,0.28340042517932035,0.31034132305054163,0.3538834375645894,0.37498552679080027,0.29942707444108224,0.5425531912945526,0.7981533271227731,0.9470326969449167,1.0,0.9606746631115323,0.8183571394811874,0.6919989807990683,0.6842528809300529,0.4617427043388648,0.7089016352730593,0.7096546171791691,0.6006168279985302,0.5700114234108837,0.5899580720037159,0.6232237833337332,0.6084841329995561,0.5274394966970254,0.4190002154679791,0.41499709496884835,0.3891329353196168,0.35182894854674546,0.29466178882893207,0.0,0.17407423411224526,0.1755819200233968,0.10390481650934714
0.0,0.08293890489210946,0.14163659415056823,0.25568444999875534,0.33247227783268885,0.3135729440749307,0.31453644934684777,0.4912722413638048,0.502210518626591,0.4196844271669583,0.4866438224781532,0.5785959402365396,0.6169484405054856,0.5739412497110078,0.26917397916229285,0.5575567791082279,0.565263724659047,0.6565118476559161,0.7064529400012975,0.7508481604947491,0.8831651654745515,0.9854673607949347,1.0,0.9228049509314041,0.7647878534593963,0.6779763594399809,0.6846522975541666,0.7667231719421261,0.7849468836745993,0.7261982659202046,0.6221354193618135,0.47849049008665884,0.5622193000664439,0.5312708050964919,0.4399138564941036,0.3088682352993093,0.2656901149265072,0.41028016034928544,0.4302391374067553,0.41526961342234997,0.381720535626204,0.3237187399956579,0.20492423087132944,0.0,0.1382408910307517,0.10674498157109312,0.09351297467112896,0.0,0.10410982694332263,0.13430621653195338,0.18090248524931152,0.2488558301568945,0.2664101778023782,0.2378037586031731,0.172446379753258,0.28336608737482155,0.3945919984308919,0.4471430733599565,0.45226949977857717,0.4315236627203572,0.4475141758432641,0.48072775826467545,0.4616214981813158,0.34967456104918515,0.5180484425715224,0.7850182731810319,0.9472801929943448,1.0,0.9535524441970665,0.7949544877806785,0.3959727987313127,0.5808911427452154,0.5223183123994556,0.3917201647786768,0.36776442847797597,0.5428210360668747,0.5707055925196093,0.5670352449511077,0.5437016244115772,0.5261504453607512,0.40659239334783825,0.6245925104603332,0.6464831337398346,0.634884822789595,0.5667656863739078,0.3662148214653821,0.4382168295710805,0.4727850399562685,0.45093440757214515,0.4054338224572969
0.2877289611378863,0.32535986937804,0.4066406573161015,0.4242584907697127,0.37986265258977764,0.31260448292078613,0.41108380310015535,0.5641530485622263,0.6112975481686777,0.5540726600155464,0.43926557789111403,0.46178849920898524,0.6049657556666829,0.6840018914287717,0.6192817213126998,0.6873738254964493,0.7028065625731306,0.6033443722700792,0.6797597371416289,0.8003038243743879,0.887438637239734,1.0,0.9986157364570399,0.8459750263576867,0.7400758146714963,0.6269846605384131,0.5451942817458322,0.5635210453828982,0.5824267358111862,0.5274017387906775,0.3890392488319914,0.4960071324338776,0.4184990614863803,0.2731207858943442,0.33309457863256636,0.36127422053182645,0.33457146402785004,0.30227556856161725,0.24897159209739658,0.13129397316301597,0.0,0.0,0.0,0.1150859797687117,0.09466036440954688,0.0,0.08898484532521994,0.06968221562694135,0.0,0.1409941679256033,0.21032606877650978,0.2206504333933523,0.24957694509851672,0.2453064220123366,0.0,0.26220868822809623,0.337785376076767,0.3903115198075313,0.42381954852704906,0.43207692067195336,0.46419516822878304,0.5389743094660254,0.5840779842241386,0.5767743915534036,0.4123079208917846,0.780552683401198,0.9475585191137713,1.0,0.9536374151907893,0.8005021426817633,0.6298635984514456,0.6926684272791179,0.7175819819149878,0.6934224296417154,0.6361021424170191,0.6301080171640939,0.7156862814704646,0.7121860553152373,0.627160287056317,0.4351318595531107,0.6252013072571091,0.6504784039583307,0.5736443676636644,0.3679067539154253,0.5202319526906778,0.505336080625248,0.46558398947748,0.3968830178964739,0.22260986259427729,0.27781440407293256
0.09145015885500611,0.0,0.17287818070705985,0.2407607892988773,0.2717360574234958,0.2692944149957757,0.25714210305152435,0.2691436101267221,0.25553208377451886,0.25239657318007896,0.4650372579659363,0.5603799680640303,0.6013437943833045,0.5862922807275843,0.6916929651060313,0.7749944223789745,0.8055059144682827,0.8096474633261889,0.7726597801773164,0.47817796715618804,0.9059073581893995,1.0,0.982800781571937,0.8381138365886056,0.7623862527681154,0.7374869249600169,0.6917798747308326,0.61848638371419,0.4890602139794049,0.48279313111848793,0.4236683335034403,0.3362769331347686,0.25243626653229667,0.07821530794118253,0.09781462969003388,0.0,0.15540521810021726,0.16297268996294326,0.07511992831587722,0.0,0.0,0.0,0.0,0.0,0.0,0.0,0.0,0.08587632846444347,0.09357527050920025,0.09008974209029677,0.0,0.0,0.13883232160480577,0.12772176745214453,0.14215730767588206,0.09157402895770986,0.1556665031741728,0.2463594162336677,0.29620169743920827,0.34900500476738033,0.37921414593196306,0.41437477437310954,0.5243591285092062,0.5716027755058761,0.4074147884829616,0.8223347675497724,0.9636512203069462,1.0,0.9435550507051285,0.8220871109682721,0.7506217147422184,0.7617743280793978,0.7602351267454079,0.7367864175445413,0.7501823415193742,0.7066823811739825,0.584024550736088,0.4314200735101728,0.17103189833395377,0.37486251450612906,0.41255425282015856,0.40185551417895565,0.35047485558539404,0.34566663907707634,0.33885678462809427,0.32255905042008487,0.3061676500451453,0.2740168408776246,0.21543712350976352,0.13887753810535547
0.0,0.0,0.0,0.09298052062513598,0.08329896651992667,0.10089466084126375,0.11535703688025653,0.10187121954109955,0.09491101920092218,0.0,0.0851978870457144,0.1766543632370795,0.1820010247936782,0.27890766491220564,0.36808690349431583,0.3996340425732637,0.39841717713625296,0.4092198908691579,0.5474814928405068,0.6966402043039581,0.8790915034168805,0.9814943370899857,1.0,0.9520931184078043,0.9009878888044239,0.8827478109956839,0.8365616355047294,0.7597566636818831,0.6621076891071995,0.5121697235032976,0.4425548660877798,0.3013942873433866,0.31759268804957236,0.23458009649503953,0.13186289592535827,0.0,0.0,0.07785996929611828,0.08048194001627049,0.07564149536107465,0.08464468634836408,0.0,0.0,0.0,0.0,0.09609087295718964,0.0,0.0,0.0,0.0,0.0,0.0,0.0,0.0,0.0,0.0,0.0,0.0,0.0,0.12912151072166222,0.20172051697170745,0.2629531527215608,0.3320307290358925,0.3969664466822276,0.5899623297752719,0.796474493361435,0.9471478832663855,1.0,0.9499062440631733,0.7242198854175826,0.7603378599110086,0.6452502469421171,0.7652421825078611,0.7337253865475843,0.5351545324595811,0.5482645132920072,0.48734746309322474,0.5137275775918337,0.523881025135908,0.4639663998313558,0.33624181749346377,0.0,0.15934684287083387,0.1268579793631881,0.09002302336563875,0.08402706251066086,0.0,0.0,0.0,0.0
0.0,0.0,0.0,0.0,0.0,0.07804412842895606,0.0,0.0,0.0,0.0,0.0,0.12328339534368012,0.1756816962230685,0.14067113201956738,0.16532720334920817,0.3199461508196742,0.3934393928714399,0.3798884961936064,0.32970878926729635,0.5510874387800224,0.8635786504998747,0.9932695362636761,1.0,0.863295399147962,0.4565422880495033,0.719870165196808,0.7629710554904996,0.7140079133805203,0.701762400406608,0.8211414506225926,0.8279448228530872,0.7336394384092748,0.5412968051781477,0.534592568230574,0.5012525098660036,0.31010719385840013,0.33098154208665725,0.36214916070717923,0.28925034359884755,0.26776411694351265,0.26848133381414585,0.2614659248643492,0.23792038776051583,0.17779453597695424,0.12539036695773242,0.0,0.0,0.0,0.0,0.0,0.0,0.0,0.0,0.12501074074307875,0.1668611051114133,0.19699322449683282,0.34687900064592786,0.436194396609792,0.49659161934043333,0.5351470372774858,0.5783324689305508,0.6337212271581644,0.6878170835630147,0.7259363349862681,0.7171183865598423,0.8058623908744516,0.9565998490568094,1.0,0.9365015581942436,0.8783766360007633,0.8631919287417286,0.7099090807014995,0.62606723095634,0.6322838248873459,0.7188798494868814,0.6660413094098202,0.5360192370489617,0.38432338951979816,0.45799402139911616,0.5213828081881315,0.4234118048263321,0.39017931516445126,0.43983209436990756,0.4020920687894008,0.32423808416486366,0.24206901997824398,0.17229988744834704,0.15696613276126886,0.15764758253707958,0.12944482666901033
0.0,0.08236094123290467,0.08742074163558501,0.12686050250936878,0.0,0.1403819393789751,0.17493138573054695,0.09842850983535688,0.1704520656762583,0.2125594150803327,0.15449659178753788,0.0,0.18148546130300525,0.3227303924819016,0.3663184403957803,0.38022204944322335,0.36473517572381325,0.3320961031518723,0.361868259224975,0.6575654102967232,0.8880985373905146,0.9948757106328108,1.0,0.891183863679672,0.29318408516746214,0.6290567293646969,0.7203471644781523,0.6603164688043124,0.6893746247898805,0.7898631286604687,0.7661836247335818,0.7586306985373011,0.7094242869260243,0.693065333083919,0.8137308081844735,0.8142175281336675,0.7654157805648275,0.67355754524876,0.5629763488680374,0.46457363576336724,0.26947996754077036,0.3036502335592817,0.4635391717794995,0.49391801185579465,0.4114177851663364,0.335128492404954,0.3052267485167518,0.1883397004188537,0.37562456762823054,0.4045231147458542,0.37646082137595394,0.3532912387572146,0.4333119045814473,0.5306552676100174,0.5947240433003926,0.6305950335572834,0.6700455040569078,0.7047806337702033,0.7074114321698749,0.6716293884189699,0.5355017004731016,0.5387479870674008,0.6348455676311898,0.7045490997358422,0.7983544262965677,0.8661146713135515,0.9496708630437715,1.0,0.971355682287193,0.886804143134265,0.8226361309224739,0.7943987844256363,0.7732406083721529,0.7530653554688842,0.6916884011622457,0.5962036503231771,0.6241488504661417,0.6747005387239831,0.6597048869088893,0.6195027753231023,0.5823973853771693,0.5300591283787927,0.45640787661841636,0.42654013871848223,0.3819265302408311,0.3839030802493878,0.38483904751004816,0.3086183623383262,0.21256221373720915,0.197110389383227
0.0,0.0,0.0,0.14781556607244836,0.2532911017114798,0.2792152229158847,0.2419918885498831,0.22565111567484378,0.3104704242156063,0.37183055944948046,0.37377919469915366,0.21474511922702572,0.411703443317585,0.5091134993129393,0.5170854197444098,0.41026118733095673,0.4695483412106717,0.5013849568180835,0.6092121738010033,0.7700790230928551,0.9162948923021785,0.9971165671579185,1.0,0.9563767722261944,0.9297533806533818,0.9053451595233619,0.8564314285788974,0.8539832832226539,0.8170398572194717,0.762042590938563,0.7658211528565911,0.8203705022704326,0.8241604013199971,0.7371557609828375,0.452613417865112,0.6911166381635291,0.6926236751797819,0.5963501389154026,0.24238523151429467,0.41648036145485184,0.39887901346889615,0.23206624750429125,0.34142597703675603,0.22077282724728484,0.287212645645526,0.29253223194887856,0.30815615428631127,0.371756688458035,0.455076828770447,0.4792719029132555,0.4958797930961332,0.5311958482112057,0.555290515661039,0.5552958578147317,0.5413803224085637,0.5526144206138279,0.5550263148188392,0.5302470997081133,0.46580813486126466,0.5454012976840875,0.6915576434619183,0.7325622674693589,0.6952244052804687,0.6113827570056535,0.6234246042375405,0.7997943187525302,0.9436530793723527,1.0,0.9690679429027704,0.8600642636628606,0.6803573017957185,0.5033476244506636,0.6917689165392343,0.7244014449873616,0.6964111336146501,0.6463913361009956,0.5855138355682673,0.508437486906555,0.4731976878747117,0.43045199325689004,0.4076688401173516,0.40595627495495434,0.36262702125885093,0.2852806676176183,0.26646763424683795,0.29720580666964563,0.28420734256595725,0.20299503321229337,0.12417347699101755,0.12336831705364341
0.0,0.0,0.0,0.0,0.0,0.10091819505219678,0.12385661567325651,0.11600542823915243,0.0739419051857915,0.09887544158618038,0.1694371021862311,0.074507323552203,0.2014873946443183,0.2791102233931417,0.362229783783066,0.341612167253192,0.48753005384645276,0.630394897209544,0.6598214104457574,0.7828031069572909,0.9374095559475301,0.9986483338496607,1.0,0.9983980113463289,0.9547471547051282,0.9520166152697201,0.936932689229932,0.8422837467978453,0.7284541359675072,0.6390368069269238,0.5592390289815616,0.5829275850587314,0.5681935968528573,0.4991664607887431,0.38500858267495086,0.32821476557239226,0.35052576764822957,0.31943616159966887,0.30661301109322414,0.2660200367180845,0.13662165418385408,0.0,0.08836431904600188,0.10544768669301396,0.0,0.11800215350197776,0.10938455058367065,0.0,0.1056409463490564,0.06905545096851665,0.15698467019041312,0.24605875388175769,0.3107856112930159,0.3242158867185663,0.3093275937023523,0.23627045381361192,0.33201415529035727,0.47166723194166643,0.542572608211962,0.5916732357333442,0.609984556352468,0.6068910898402985,0.6838623633936249,0.7531752342094082,0.7739186413394373,0.8644720663422951,0.9659023035316975,1.0,0.9440329598655368,0.7803028241330796,0.6558557150029042,0.656416787616563,0.5950465054007997,0.4468881458089855,0.38221975065015323,0.34563054018299094,0.3171837269110288,0.23507228394153884,0.1738129008273881,0.08417282784319806,0.0,0.0654515138059001,0.0,0.11310078208108568,0.09667634118765853,0.0,0.0,0.06799294917546422,0.07238323503702786,0.0
0.0,0.0,0.0,0.0,0.0,0.0,0.0,0.06079075896348395,0.08963155057899755,0.09246039133270105,0.0,0.09814986062861844,0.13035586160880547,0.2847052286752059,0.3871972137669593,0.45233199766569093,0.567755815732888,0.6515126345436764,0.7405418311773196,0.7939311045018308,0.7506219784266441,0.9541607807647057,1.0,0.9367343323528561,0.7289118688433479,0.6746568139228855,0.36021573722000333,0.5089660791041427,0.4254344701016762,0.4343222771130651,0.42661940957527394,0.38288325658345396,0.3183968062173622,0.2536474790624956,0.16657488629753162,0.0,0.0,0.06790197857603837,0.0,0.0,0.0,0.0,0.06819175886366984,0.06499142376288011,0.0,0.0,0.0,0.0,0.0,0.0,0.0,0.0,0.0,0.0,0.0,0.12588818466201052,0.2073105008163495,0.14344814792655142,0.19034328676500348,0.24721056263133379,0.3465125690495443,0.4840115127729139,0.5492766080653887,0.6496727655799489,0.8056773540231219,0.9044375945712528,0.9784318293302933,1.0,0.9440670308703992,0.7842489712296937,0.522762789270376,0.5009713350542315,0.4402752454377915,0.12678415518153108,0.22314384908550966,0.16840939213516057,0.10492690019543285,0.0,0.0,0.0,0.0,0.0,0.0,0.0,0.0,0.0,0.0,0.0,0.0,0.0
0.0,0.0,0.0,0.0,0.09986884219387007,0.16723911701267027,0.0,0.2452685881659655,0.42103415579523035,0.4892488789052356,0.48248762217551827,0.43075464670532004,0.4389976099931172,0.5039673687256944,0.3572129733741418,0.6785083871481594,0.7373216860985632,0.7997582763741425,0.9423503786710623,0.9760490011926477,0.6074622560029537,0.9773784752953913,1.0,0.9846203969388496,0.972862991933904,0.9421978587845533,0.9198104899283978,0.8072300007665147,0.5653482573575846,0.0,0.24750025514536006,0.17420758603961026,0.0,0.0,0.0,0.0,0.0,0.0,0.0,0.0,0.0,0.0,0.0,0.0,0.0,0.0,0.0,0.0,0.0,0.0,0.0,0.10258355064498,0.09462528306679652,0.0,0.0,0.08997197802963684,0.23512479779148232,0.29630821325591844,0.3056046109883051,0.26994820703158184,0.39904223710010434,0.5483962781414444,0.5845666980269204,0.5555588039553816,0.7796788189091655,0.8121024561164275,0.9196521831790087,1.0,0.9652060094728061,0.8355954021557467,0.7245769030066412,0.7129704937080568,0.6584706724189768,0.5274213390623134,0.335442726734393,0.21213477731702582,0.15983623377267903,0.0,0.0,0.0,0.0,0.0,0.0,0.0,0.0,0.0,0.0,0.0,0.0,0.0
0.0,0.0,0.0,0.0,0.0,0.0,0.0,0.0,0.0,0.09376785915548372,0.18087198907768948,0.40448934085590826,0.49235733797892656,0.5161796008312588,0.5751317784844016,0.6176889643231867,0.6145953717224911,0.5411914349220073,0.5455891077221132,0.8719513383759331,0.9762354602015232,1.0,0.9757091087047031,0.9007403490176721,0.7804472997058487,0.6693784916746316,0.6124401445409787,0.5076952811338589,0.28367499878249264,0.1559379607957549,0.11184420566217906,0.0,0.0,0.0,0.0,0.0,0.0,0.0,0.0,0.0,0.0,0.0,0.0,0.0,0.0,0.0,0.0,0.0,0.0,0.0,0.0,0.0,0.10336084570810149,0.14573747966336179,0.16693583475425702,0.18311835635224238,0.22722467880105462,0.24217807031946678,0.15774576073224156,0.2063676519395411,0.4125855145581315,0.535309620515385,0.664575260966289,0.7429420598360551,0.6946987507518445,0.7796852125811977,0.9443267287651947,1.0,0.9553994128755335,0.8104819844144204,0.6296894701588479,0.5997832673534932,0.5462686419797982,0.4766944835527301,0.35796857986819286,0.10017633514558125,0.1722898052851291,0.14080596114131155,0.0,0.0,0.0,0.0,0.0,0.0,0.0,0.0,0.0,0.0,0.0,0.0
0.0,0.0,0.0,0.0,0.0,0.0,0.0,0.0,0.0,0.0,0.0,0.0,0.12908954281303134,0.2767187147099814,0.4141910262242994,0.4768765579762267,0.5225949425706011,0.48219088913492303,0.754732507356352,0.9155779375754507,1.0,0.9740190514706693,0.9297123487215897,0.9529044424734805,0.9055827536976093,0.7792942028556831,0.6358915397530831,0.44710055289764117,0.36215697553345527,0.23300796272601654,0.07631022147436885,0.0,0.0,0.0,0.0,0.0,0.0,0.0,0.0,0.0,0.0,0.0,0.0,0.0,0.0,0.0,0.0,0.0,0.0,0.0,0.0,0.0,0.0,0.0,0.0,0.0,0.0,0.0,0.0,0.16232949426819054,0.15267985705157242,0.3046032839355821,0.5464791025254556,0.11290609112899744,0.8268807720052037,0.8924974418713599,0.6958217364790048,0.9996603438376774,1.0,0.8798577827593462,0.6760948283704226,0.4240875355085847,0.23847676036605187,0.0,0.0,0.0,0.0,0.0,0.0,0.0,0.0,0.0,0.0,0.0,0.0,0.0,0.0,0.0,0.0,0.0
0.0,0.0,0.0,0.0,0.0,0.0,0.0,0.0835489809933368,0.1251030518667899,0.0,0.3186449780837546,0.4400020093463371,0.5467491658346648,0.6168877913647499,0.6505048948779683,0.680000354201415,0.6808324236875665,0.5432333124156951,0.6027933725458923,0.5358251961922761,0.878667104211872,0.9839629885705773,0.9652344957498915,0.9383971934213935,1.0,0.967238854609473,0.8294073692656755,0.6780469262842024,0.7892888393181948,0.7875575632565525,0.7141523013070145,0.6912795039710695,0.6728390149090786,0.6070287900158164,0.5575289677972377,0.5894489377682915,0.5969446143109096,0.5718139750894794,0.5353248278182765,0.4923763487437653,0.4219674148843902,0.26617063303969035,0.13484727626032686,0.20757367428714052,0.1994301498247707,0.22505012205196845,0.22301013903095138,0.15397113378363045,0.0,0.0,0.0,0.08955106552966652,0.07459131052678245,0.2291468408977677,0.3248120875312612,0.3801105645359017,0.45328634478565116,0.552197311489537,0.6095055604017202,0.6458185635128683,0.6842384194738432,0.721121950108857,0.7248862643816659,0.6676776484431484,0.6349655104555806,0.82929638534116,0.9671280041073003,1.0,0.9409416228940245,0.8169505060038369,0.7716608029297843,0.7357436393582214,0.6622164208803087,0.6487904545390123,0.6465363650465529,0.6147959730045618,0.5743093682293389,0.5251597233110902,0.44214647396272927,0.29752317796114636,0.2789115884115674,0.3325452853627968,0.2915197198832918,0.24385545827509605,0.24642891460608735,0.21011902282591677,0.16041583993690667,0.14544782017517993,0.11787538728493988,0.07990541033333727
0.0,0.0,0.0,0.1435136137680112,0.2047948094633155,0.23172930979903458,0.2767169380693703,0.377936248420869,0.47918441782761506,0.571559009065789,0.6506144649023123,0.6943064375949094,0.6660870959257885,0.5083640686060419,0.6124891187955944,0.6515658040142565,0.5700451850045497,0.29840606749601883,0.4014579441265718,0.597005509205153,0.6934642868460935,0.917531404090788,0.9881695744447608,0.9933923197106453,1.0,0.9789219569510031,0.9432585880262164,0.9020877043362661,0.8552302828253514,0.8225407257484973,0.7885697185405544,0.7212701820460812,0.6761731967141954,0.7218067565028728,0.7445080504214464,0.701538286061713,0.6483179002248598,0.5982889960806881,0.5949294249618795,0.5927093472325458,0.5379492816165867,0.4488125073910317,0.2740091526528674,0.28695729134768694,0.24800616197278721,0.26350912957875594,0.3109491597832432,0.28022939497243604,0.21182308380607945,0.2980730465138566,0.38594336035625565,0.43885878932459305,0.4722068498679515,0.4764902021389827,0.4407621825826298,0.5561808485234494,0.6210443785166313,0.5086977134778486,0.5475696817826787,0.6161657659012492,0.5467135351922496,0.45956087280167746,0.4002380527767747,0.4501843064216648,0.576019534006994,0.7640778478854143,0.9354315822731483,1.0,0.9512386995996335,0.7808392494373092,0.7447888108949265,0.7429596999043272,0.6287897413552933,0.6496562629261496,0.5856703356101413,0.29191990328340867,0.4960367397570241,0.5711099540978057,0.5436277285973561,0.4956119917338926,0.5508301928275567,0.5509062084550349,0.46665482408089387,0.2304926919627843,0.15586632399582964,0.17228900119135798,0.32116980210556534,0.35571840246661585,0.33785203320542057,0.33078416921346676
0.3394628735174769,0.23531767564566794,0.30993234521231,0.33821942103018643,0.3974152095832482,0.42619393210088313,0.3209215439911878,0.4022196310125381,0.4987281321053632,0.5453910234643525,0.5507281697072708,0.5730005219234154,0.6472656404222762,0.619321500408089,0.645575188515871,0.7030752565482199,0.6530927242494515,0.5900462368754326,0.6388365144863608,0.6537904655789631,0.8645090738476652,0.9786188192046344,1.0,0.9335042074442269,0.7884474212265649,0.636727143587894,0.6331551188083253,0.44404456013763566,0.5611232734739715,0.5488108899939216,0.5018845731978141,0.5278262433222655,0.5698555256999402,0.58049259694809,0.5614509703262021,0.5066820474274967,0.3781614561340664,0.13716673801782725,0.20347962489873284,0.2967706178825791,0.24050982841454727,0.09491621396032045,0.1342203680835048,0.07617157764281654,0.08164191605214208,0.18749790109342704,0.22524964602172082,0.24820678271554558,0.14456413514497135,0.1034673678622657,0.25208535126373166,0.3127083619703457,0.3265565657523462,0.28736087860631504,0.2934797647083955,0.4190346129894458,0.36902495722223977,0.42558210606638147,0.4684277147458272,0.43172687844606034,0.42406451368283765,0.4870896275048919,0.567351214424314,0.6877930381756909,0.7380091758257583,0.7882942364680126,0.9218356899712361,1.0,0.986661421833747,0.8986488700819186,0.7693111592587609,0.6528495779991581,0.823234608809274,0.860323900212069,0.833457746469893,0.747448009082156,0.5886487915738841,0.46128605941127804,0.45575728669354676,0.2826735269584085,0.3371842315461466,0.3400449778124981,0.3462278264349288,0.38922663857979545,0.35020593354973417,0.25201424803903744,0.18652316509170835,0.11899187808460326,0.0,0.0
0.5947330012587652,0.5461229648317869,0.4746245631602439,0.4524707413578063,0.5094988982547538,0.5388635302878128,0.5955470396765701,0.6736038464549019,0.7153975221911082,0.7005005402209612,0.6421652271013697,0.7252089175346527,0.7783793077957903,0.8073584002795694,0.8369934241943803,0.8164365107902445,0.6788979295212925,0.620861752556667,0.6997087700400673,0.8014749585371774,0.9175276455529572,1.0,0.987914118578779,0.8606592032332344,0.7959263897768503,0.7701823895941038,0.6918070216400187,0.6656616456096828,0.6382898676254418,0.5796550177232297,0.6474545812208078,0.6376384581534091,0.6085397739252079,0.5760203540639919,0.5308330415661384,0.550164352245947,0.5672878843509657,0.5363047402499421,0.4761522357120763,0.38682789759966724,0.24277252994903722,0.28108294762454483,0.3138222666511896,0.33967072369760454,0.36576245560979054,0.321952763543126,0.22827819770721874,0.1822549746116335,0.31279480195585724,0.3127433260382995,0.45422461427917615,0.5315036455178427,0.5020429645203877,0.4411951497677785,0.5777414375234048,0.6475400792034074,0.6698248121722733,0.6160639282874909,0.5556195492492361,0.6765465397308179,0.71828815505087,0.6897736715953744,0.6488859161497678,0.7145767010910962,0.7380595313931367,0.7103791352551212,0.9468806036167697,1.0,0.95105749455069,0.82507848162648,0.7649909399699281,0.6990174604810463,0.6426726044254312,0.6230623102896492,0.5800592799162652,0.5621540039404241,0.26019694179646136,0.5493407234049316,0.5411874952065113,0.4058799782156275,0.49291225238210673,0.5045353994880684,0.46212928169570155,0.4032921296355997,0.31484048075020127,0.21802529563680847,0.1757249958173279,0.14079942585786262,0.0,0.0
0.27965964319525916,0.29726110717868715,0.2862273003812092,0.25929345066166665,0.24263388996562177,0.2896824480240194,0.3320181195420934,0.3323420285926438,0.33240494804232795,0.3701417361041916,0.3764398714968208,0.4035630694158626,0.4860971393548112,0.5578086189037386,0.6121657407833951,0.6792428985623595,0.6935406831425469,0.6500724653473826,0.7090079840036482,0.7606126587785276,0.8661077046694124,0.9865610783224215,1.0,0.9239675235463697,0.7724059455795187,0.6376030719502748,0.5539614509791945,0.4619614147897628,0.4741891734917562,0.46154151049785874,0.453324245245875,0.39022126760928044,0.28026795765578044,0.20549888666833183,0.09275114375412262,0.08264541286589501,0.07067338996581998,0.113358681287147,0.13103185783936483,0.0,0.0,0.0,0.0,0.11338762402085742,0.1398849119891255,0.0,0.10618705236196221,0.13867458013190787,0.14706076810424562,0.30704067737705787,0.3860792988920471,0.422783051763254,0.4425400019156661,0.4514225229658497,0.4569797139613692,0.4742465638752632,0.5484363996369781,0.618403687335009,0.6483286327247743,0.6527150050679887,0.6605684210468454,0.7158407196083997,0.7529511799246461,0.6940802298536317,0.5403370977517036,0.7672391702534179,0.9493923388996917,1.0,0.9338131333576375,0.6917997675204368,0.6362126958409671,0.6122818415455443,0.5302803798667812,0.47146420700370406,0.49666481069063917,0.38338265070521577,0.295127342312904,0.2986034165879201,0.14712402092605084,0.07996608756282339,0.09283808086061701,0.0,0.0,0.0,0.0,0.0,0.0,0.0,0.0,0.0
0.0,0.0,0.10949430252782867,0.18314280144446315,0.2350744254554054,0.32804127628816326,0.40546862702679987,0.45004868660586944,0.4182048407767149,0.4147576369955343,0.552671779844005,0.5923677057797988,0.5487174149326465,0.31617901634703677,0.5212977845531311,0.5100815638471972,0.592708994357569,0.7104470965278742,0.7533065224489371,0.8113377510638585,0.8613734201675894,0.9754325158219431,1.0,0.9320128286726171,0.795178071196667,0.6508815750447904,0.5964738539702685,0.7216404784532527,0.7755960410313342,0.7677999711725566,0.7018953128235037,0.5569853428625576,0.43357734259544567,0.51794751446242,0.5224158164680143,0.47615858286462287,0.3539738224698284,0.22367266268500618,0.2983524550684255,0.28192373179370805,0.2870237246091062,0.25884077026823715,0.1724659751948123,0.2021666931514973,0.23373582299159767,0.26670293418247454,0.2281079353040371,0.18134197948845815,0.07860218407150973,0.09288680698051999,0.24298136465624418,0.37219646206946744,0.45780969228911983,0.509579261117624,0.5422845135621217,0.5617742293926569,0.5645408408252472,0.5497861656647713,0.5090837982579467,0.5255911664162692,0.6406885261180725,0.7195927094726396,0.7134279256294284,0.6199896332850142,0.5335267255005393,0.8376683523101215,0.9649891557945319,1.0,0.9538108506550488,0.8539498950686233,0.8117805505885864,0.7834943309912372,0.7290198311126497,0.7426460627068517,0.7024966397724336,0.6861415374368817,0.6631426622889545,0.5354492481180421,0.40231706458240685,0.45483970414567104,0.44489724889306004,0.37298705446387315,0.2395494418222781,0.3443334081000218,0.34265122665151126,0.29208828288822064,0.26415138745283473,0.27659653030092746,0.2886628645140065,0.28141184108559836
0.1209890340937519,0.07780933119665076,0.07466656252039762,0.20602072288552065,0.33282500655929453,0.39214170045024466,0.3592741789347444,0.3077602224048763,0.516893323030939,0.5701147931873597,0.46352523699540654,0.5646886480154334,0.6723018913353874,0.7198265447102515,0.7281307713364432,0.6873076450933365,0.6424713521942421,0.6638229810551682,0.6626358290545634,0.6368982619631997,0.9099866708975901,1.0,0.9920944828900625,0.8818644480646544,0.6821887584860346,0.6626093547743133,0.5941933961673536,0.4589191133086435,0.6329117466030992,0.6557122471033474,0.614688449284106,0.542951008982875,0.537893211519592,0.558019780824889,0.4839018508302648,0.1662643566160807,0.28973690280107584,0.34832338042554706,0.346863367680423,0.14336650477944068,0.351303982496528,0.3687622663520029,0.33730349859048936,0.3386336949169037,0.3183362245008276,0.2527646547307116,0.2710111436050949,0.1801316047467006,0.0,0.2724116571582465,0.2226196769998025,0.37604869675151775,0.49346850921430463,0.5412534435587931,0.5812398477690399,0.6175813192652344,0.6175095555884484,0.4488781383551083,0.6909997218508486,0.7916893925489585,0.7753740631215972,0.6188265541641954,0.4353164719546048,0.6115780987391932,0.5907647547975375,0.7209674530667639,0.8610995477070373,1.0,0.9225862640096468,0.9013408916814205,0.9013221131398524,0.9195277072425053,0.9616028721429027,0.8789488210905022,0.7783712705610739,0.825325370590305,0.8612106174763429,0.8527187692845215,0.7429358606010092,0.5028117345969749,0.5596446585496705,0.6617877204469146,0.645550384108778,0.5263409921252676,0.5257918871006432,0.5085278929098066,0.4520222019744328,0.46688243595793194,0.45602519307720385,0.4128084895982108
0.13292182021371995,0.1343110658532015,0.1785295692023205,0.2225626824264908,0.2264626374851175,0.29258916392117285,0.3847096181912466,0.4538560779387809,0.5085350965478074,0.5269183774837867,0.5207320154489258,0.5397256478559325,0.5730994001554865,0.5658115962283718,0.5020011340833122,0.7186392377082949,0.7021709128974706,0.7645438041053815,0.8759205635292341,0.9000152450321034,0.923230389128756,0.991685670003217,1.0,0.9121272968721923,0.6919785640103466,0.4608969122327663,0.3497796715854221,0.4032625059934265,0.2685176032532986,0.353060309589984,0.33941089052003304,0.37785844447103445,0.3487303447590532,0.22923697188392148,0.0,0.14431474514894715,0.07019021477657796,0.0,0.092227252122764,0.09513632969467785,0.11972118350819788,0.11051834808314034,0.06930850685435459,0.0,0.0,0.0,0.0,0.0,0.0,0.0,0.10177488360481902,0.1091068164612937,0.11441424481802308,0.20744104177980308,0.20478222679501434,0.2620068263051144,0.3609025766288567,0.2840494023201451,0.44961776188531816,0.5844581669318112,0.6534773537375768,0.6612617992529948,0.6242130555766142,0.3913815197021815,0.6402013313783486,0.8187339614758122,0.9559187412617552,1.0,0.9347516833882056,0.68507791142306,0.8333654770524821,0.8507679004808802,0.8221745480717197,0.7343234709299237,0.7809295243650809,0.7893733611652268,0.6899740354890442,0.3987912036739591,0.5757164427870095,0.6127861773824681,0.6117709060000113,0.5713495480772979,0.4871323812911817,0.410977458238395,0.41087621259206714,0.3449071067224393,0.24494585522756654,0.18228449167910202,0.0,0.20963418360575647
0.22756739013850108,0.3007548180696289,0.23832578909275765,0.28397584453130137,0.41231959726155964,0.5143857446278873,0.5985311466710886,0.6572394956979769,0.6749793319223043,0.6335352170551901,0.5408798692359971,0.4198312615762469,0.5133028020880921,0.5654792916554087,0.6007229866987247,0.7369618460846115,0.8165342741598097,0.8313709282718508,0.7968937542027908,0.6797334212680112,0.837366824293447,0.9841996131743043,1.0,0.9057991737383946,0.6206991549590929,0.48524081575635003,0.5108672425513154,0.5608012648304276,0.49760279846418526,0.47925101364471917,0.4772476319325372,0.4196801723808458,0.39635389804151844,0.3974920543437433,0.33169669343822045,0.0,0.23168093088438357,0.22707512913754413,0.11710576190363203,0.1694544784755602,0.2560888535149007,0.22024971990374553,0.1449401258093111,0.19912673256575295,0.2574781031513608,0.36897541047627747,0.41249351950181834,0.43385456601459965,0.38966913216807664,0.2760515578120505,0.42318093012086083,0.4096425919254043,0.43609398522320175,0.5284969892769598,0.5554047198412009,0.5337378245466997,0.5972817205185356,0.6348734335089975,0.5868578181845383,0.6315103353197856,0.7215098173786504,0.8035147655500037,0.8497746389714002,0.8515817707542586,0.8431549351900716,0.8663121920005913,0.9543873296590935,1.0,0.9285136929835267,0.7457354673966399,0.8939275794997292,0.8775671793076006,0.7896143226017802,0.6749023472858267,0.6614398235758645,0.6544564283966025,0.5629742141429779,0.38005709526968895,0.21073747823155153,0.3411577748691031,0.3058502323753916,0.24533825870698756,0.11296355869211727,0.19301661932771777,0.0,0.20294195784176547,0.10342562262441392,0.07931626800314377,0.11809384005071301,0.0
0.38443709062717984,0.07509857820687231,0.40419036052512064,0.47975581236345527,0.4930632102237132,0.4639256833025923,0.45897755855574146,0.5042002010259398,0.5210133802492977,0.5625213534591355,0.58137803212783,0.520711137655398,0.5428376601272075,0.6059078281122247,0.6322188540228614,0.6656043420737721,0.6937173510390648,0.7641243824367069,0.7848844818185069,0.7147070406544894,0.8587496946380418,0.9896317124903613,1.0,0.9064210587083366,0.7024637568497699,0.4887561310906611,0.408560310103459,0.41870563800469474,0.5371933781791319,0.5924463512386313,0.5715018486496484,0.44442518794796343,0.33634431511213675,0.3834589542410837,0.31932907057931004,0.22122435011460928,0.0,0.09599897655502308,0.15181983056427864,0.2584314201469676,0.3397110890375498,0.3866280429583836,0.3692801947791017,0.31583313495765203,0.3845937865507968,0.37490896762860043,0.3618624903311634,0.44877948789423955,0.4194447038929251,0.4611791503963321,0.5062865541288004,0.46905819969009155,0.4821932936942275,0.6364484884486198,0.7074874049377406,0.7181057355174654,0.6666184206574972,0.369452863531244,0.698215858070663,0.8151282732932582,0.897959529989613,0.9154972140494418,0.863999447466155,0.7584942120373178,0.5837015769604808,0.8553919801692862,0.9683180129143083,1.0,0.9404672248610261,0.7299328636366909,0.6092327579442448,0.5771208052228269,0.5436526457653001,0.5243912036614362,0.45689430834729317,0.4643049829777182,0.5022568848215087,0.5040417729903521,0.47190254042906066,0.4081703082394415,0.3013782858242509,0.26627002599205446,0.2598425573884781,0.21233923059012358,0.14190319028691997,0.0,0.0,0.0,0.0,0.0
0.0,0.0,0.0,0.0,0.0,0.06738526523676301,0.17775824501677703,0.198133014526394,0.13159334990030996,0.19243209227741156,0.30425660982775987,0.35886005941095545,0.3821231361990869,0.4548476588254,0.5289566030479007,0.5951019149716013,0.5737351769764953,0.5732235989110195,0.4595902155775357,0.7819274388946005,0.9346167490064521,1.0,0.9858145429238675,0.8784593167321904,0.6223355040635511,0.5549787970809709,0.525441430612372,0.47691164725095325,0.4169812152568499,0.4179108216774479,0.4134725180948999,0.3308869303743896,0.2258423194236261,0.14443306177237827,0.0,0.09943192155221385,0.09746173257333923,0.0,0.0,0.0,0.0,0.08632183206992892,0.09933870012997631,0.10650672890582168,0.0,0.0,0.09795384260742428,0.14955657528721522,0.1661360386776965,0.289481238782475,0.35395252786735976,0.38553820809792466,0.4051983880537606,0.39964582641818525,0.36327697766340933,0.3416178484938347,0.47279106069907956,0.5846094897954079,0.6562544976889223,0.7113214197248879,0.734446542724899,0.7091403482880738,0.7896078767931708,0.8253118698101363,0.782480726912147,0.7406962247702005,0.9424760985728494,1.0,0.9551168263690328,0.7979712087021233,0.4527495677627562,0.39549336398222684,0.3797942615897785,0.3353761140986586,0.2720446147953789,0.0840138859816768,0.2514413004287561,0.24921250984198265,0.16409933964450926,0.0,0.0,0.0,0.0,0.0,0.0,0.0,0.0,0.0,0.0,0.0
0.0,0.0,0.0,0.0,0.0,0.0,0.0,0.08040521989597568,0.0,0.0,0.08138578172208162,0.08833560440601942,0.11769990782088434,0.11063806767637788,0.20886056246241802,0.22400859347886173,0.3743482499668682,0.4535321801887987,0.40797371553857464,0.6328316490294273,0.7736111742417108,0.9514808092316399,1.0,0.923278934618043,0.7016535219100615,0.37016480077851094,0.16723678796878413,0.10109238266548931,0.0,0.07446068069869595,0.08770585434592852,0.0,0.0,0.0,0.0,0.0,0.0,0.0,0.0,0.0,0.0,0.0,0.0909057310988371,0.10049549468566457,0.0,0.06109505974740144,0.0,0.0,0.0,0.0,0.08344055997600237,0.1046764690669859,0.06387668294183034,0.06997981645116487,0.0,0.10736812820347874,0.16401355120315889,0.15334139193075863,0.19928362175410813,0.2996848927880507,0.2680483863011465,0.3777827894549924,0.5706939629710857,0.6690630021094224,0.7681459460912142,0.8756878789670139,0.9696649290477758,1.0,0.9432467295044615,0.7875542680156489,0.5462964409768152,0.3271750505353727,0.12889897640149847,0.0,0.0,0.0,0.0,0.0,0.0,0.0,0.0,0.0,0.0,0.0,0.0,0.0,0.0,0.0,0.0,0.06063247146096255
0.0,0.0,0.0,0.0,0.0,0.0,0.0,0.0,0.0,0.0,0.0,0.0,0.0,0.0,0.08180217481659517,0.08914857590535176,0.16878026579968355,0.32891720464029917,0.5425937094600519,0.7671602300404307,0.928999798687633,1.0,0.9836061280749616,0.8720848485969418,0.6003500603508468,0.5163060710601254,0.385073669895463,0.19811975388759956,0.09687710392751123,0.0,0.0,0.0,0.0,0.0,0.0,0.0,0.0,0.0,0.0,0.09975895475184052,0.09086099553826614,0.0,0.0,0.0,0.0,0.10469458886948688,0.10931685678317273,0.0,0.0,0.0,0.0,0.0,0.06872954103748989,0.0,0.0,0.0,0.0,0.0,0.0,0.0,0.0,0.0,0.24260810956027232,0.34978095726479896,0.6109914454330075,0.8164673180640585,0.9487775774219361,1.0,0.9703142898068124,0.8652454006217025,0.7079855884988729,0.5451003429075286,0.41509467513454784,0.2900520432543087,0.167956561505716,0.10950299746092523,0.0,0.0,0.0,0.0,0.0,0.0,0.0,0.0,0.0,0.0,0.0,0.0,0.0,0.0
0.0,0.0,0.0,0.0,0.0,0.0,0.06794014759509384,0.07068339291733373,0.0,0.0,0.0,0.0,0.0,0.07825218303793169,0.08495401628452728,0.0,0.21530776226788012,0.347460107867462,0.5460836489223215,0.6565352022667125,0.8174004480090387,0.9673568682455426,1.0,0.9368401429714807,0.7915658513529212,0.6175054671955853,0.6831336522827849,0.6596161417060957,0.5908492465752485,0.5097993771014532,0.3554898301650439,0.06707487177034505,0.18977702197514146,0.13891666443670891,0.0,0.0,0.0,0.0,0.0,0.0,0.0,0.10554527144196665,0.08661004630474006,0.0,0.0,0.0,0.0,0.0,0.0,0.0,0.0,0.0,0.0,0.0,0.0,0.0,0.0,0.0,0.0,0.0,0.0,0.13318353233931002,0.2660098258150947,0.3715919990510671,0.3425800876235992,0.7504523602998469,0.9413721260877148,1.0,0.9461118976404919,0.7299591159105908,0.7213953411971402,0.7272723794159343,0.6100768933738722,0.49611075589178366,0.5140628493928558,0.42816651499226244,0.3080124088836346,0.19186343489991334,0.0,0.0,0.0,0.0,0.0,0.0,0.0,0.0,0.0,0.07530482111127974,0.09274411538740279,0.06862699034126123
0.0,0.0,0.0,0.0,0.0,0.0,0.0,0.0,0.07888239568084411,0.10298107928307972,0.13032988658873051,0.0,0.0,0.0,0.08374892999223849,0.14527434657856966,0.3024597031600253,0.3735901845878428,0.4123588383517293,0.5832711778262505,0.8616830648326774,0.989803421439833,1.0,0.8555420975831602,0.8043063250075836,0.8305166917782791,0.7557306210941936,0.7736872681500497,0.8357850431469919,0.8359372671664174,0.7778932496521695,0.7190611837970932,0.6018786606010239,0.5218484788296253,0.5643640853153029,0.5401517841673817,0.5188182869489812,0.48769475175025645,0.3899916487861371,0.22652828883492565,0.3238617397699967,0.32621227955350834,0.27153928942817535,0.17255336070005603,0.10238487310951017,0.16060257219884802,0.11625362852999267,0.14582797626686073,0.10222132688765545,0.0,0.0,0.0,0.08290393400362549,0.07149477417132784,0.0,0.11668709792400392,0.1423423959555318,0.16431982815114152,0.2355538267368622,0.30865425072490954,0.3650702242832955,0.3550772283819233,0.34859254082250773,0.5615688045232197,0.7066949174238615,0.8558381909097872,0.9658802627819407,1.0,0.9538688293252661,0.8654847384274962,0.884609589061423,0.8915836291187794,0.8476541939248033,0.8106907654793405,0.7703203544133045,0.6761265707684976,0.5353889406063573,0.4357007023053041,0.2538077915059787,0.36958106260670326,0.41561629979172404,0.42593618986063747,0.3903846724113637,0.31131299965819176,0.21948265500249534,0.0,0.1997362335451658,0.22354174873732477,0.20091289298270926,0.15201222463660471
0.1744654561041362,0.1304359002156577,0.129954952918867,0.26385775855079646,0.2941940710124114,0.28479583111435813,0.3345772569825158,0.35342355545225657,0.29340453426573304,0.4152999657330769,0.47147188619633423,0.4789676977506024,0.44600824833354585,0.45328403823165786,0.49549486703188805,0.4784437319772105,0.4874702060252543,0.5966918749039273,0.6156468263212331,0.727795186145379,0.9080210101803634,1.0,0.9972363805228234,0.9098827167658452,0.8269081568403394,0.7468914522006932,0.6988269748763406,0.7603531424270146,0.7226341664433471,0.5515292075726421,0.7291368276550793,0.8084474207397352,0.84227566595113,0.8108242137117568,0.8118058614412086,0.7730342556217954,0.7412513198118347,0.7103288488492776,0.6267017442553704,0.6001892760993575,0.5367796645203691,0.5734733366416385,0.467106283136139,0.499436103768651,0.6114889829056731,0.6462133792996918,0.6228274014333814,0.5860220064738721,0.5191349966489132,0.464706847430876,0.4891034001707317,0.49595975073352594,0.47643699674644474,0.4918147723110932,0.5479599097587827,0.5725279675718371,0.5494479090530366,0.5325012161423844,0.6075644379391257,0.6908623327722652,0.7408319252511967,0.6649955472452286,0.7107386688668298,0.8604303424814462,0.9112236203989525,0.9231935706904624,0.9634231449219663,1.0,0.9526880856138841,0.8384751058427419,0.8420697508812749,0.791649122823939,0.773481774299117,0.7727940395069941,0.7289369608211973,0.6239491065838068,0.5187487198748585,0.3498210772700554,0.5107388673486332,0.541592999602697,0.5161639971906569,0.4608822236816768,0.5197957700054101,0.5412953523300833,0.48213464793963245,0.47732251187864144,0.47027281047849834,0.3837620667615012,0.3619986814324283,0.4468243175833908
0.33342289634065975,0.36160656328582885,0.3369386496833128,0.308694137389066,0.38688467120490266,0.43113231829027165,0.4726173396886731,0.4697452441812882,0.5211544199017716,0.5227719619869146,0.41900081974633036,0.45206844137055974,0.50178727908847,0.6421913395738854,0.7058420880026401,0.7528830705138166,0.7457516806415366,0.683543931733026,0.7533387926330675,0.8053604889322231,0.9228645058862641,1.0,0.9822585966072617,0.8575467370346275,0.7018073052423308,0.8020884354679804,0.8991216000531259,0.9093335292998146,0.8985375965953044,0.8931329020598747,0.8876663527679376,0.856531745118622,0.8289639705442406,0.8345938677463658,0.77253054779735,0.3395248095595547,0.6701924487888186,0.6286382161892577,0.29638219598232546,0.6021174157955381,0.6341358936185678,0.6240681724501246,0.6169676093639151,0.5792321145085352,0.4811585595724626,0.4538859548049374,0.47713392778690805,0.4743382564325415,0.43829230155902255,0.4144291028240868,0.4695530741270264,0.55114193451221,0.5998368083798981,0.6424832456927221,0.6909515229362713,0.6872094587044382,0.6112777094417841,0.7271907585627745,0.7437908991182841,0.7697018148699665,0.7939826899481053,0.781571853365725,0.7380652674900229,0.7270412771105067,0.7387115491121403,0.8377080091722764,0.9587781661232024,1.0,0.9499781574571879,0.786519876282878,0.5947209814296835,0.44017562380641273,0.5214381676452512,0.628969237308016,0.663361045734565,0.6579489941746615,0.6188296481517568,0.5047696837900708,0.21519057006262657,0.4164211887145458,0.4113394055645994,0.3878545467057575,0.35585153533114094,0.27916174901419083,0.27842228260491064,0.2677884981955656,0.249605064236765,0.3301550574905892,0.3700139346575297,0.3762667085003341
0.0,0.08522361570901993,0.14263817472746013,0.19994480281166702,0.2666417847182362,0.30578701383917706,0.32867204992029686,0.32059481414935337,0.1386862548931296,0.4422294916321859,0.5187055635563677,0.5229912995106485,0.6009337899173255,0.6951560150892001,0.7347962326644727,0.7271270702745547,0.7371540764280797,0.8412050871542406,0.9299935822055279,0.9615828192876688,0.9444517397117623,0.9707341859814922,1.0,0.9657539332594042,0.9226760138657364,0.8696262330512554,0.6656748913594426,0.6901081791042477,0.6854434577353702,0.6768620948639318,0.5129211474166466,0.5161888519516947,0.48376283928943037,0.5453261127061664,0.520799914811264,0.45697448454140993,0.4270922557251034,0.4335073621698561,0.43006879596139663,0.39878294354385346,0.3300740890995378,0.11079326708142652,0.22197945174449282,0.24962620901834728,0.2013780905564781,0.0,0.2819446612044882,0.36513113688442994,0.4083727211260459,0.4307929368400205,0.43323929621520263,0.4297911947998401,0.4283629472475748,0.420536616566289,0.44654728069469035,0.485664220491673,0.5390136214008959,0.6139868580978609,0.6886722024284511,0.7851587293304862,0.8465644684784065,0.8996373871204077,0.9265915921778999,0.9052507876307433,0.8208257665421985,0.6455316629296068,0.9323517266718752,1.0,0.9607232396843982,0.7993085633033254,0.580545637739746,0.5973597240771473,0.5498908770440202,0.5020940534023668,0.3859405675706807,0.28214890542281656,0.3512514175565568,0.3415512954856012,0.2750587841581874,0.19796249393029192,0.13997066893972768,0.07345165191666814,0.0,0.0,0.0,0.11123821375038151,0.10056433553052466,0.08676623043557069,0.0,0.0
0.0,0.0,0.0,0.0,0.0,0.0,0.0,0.0,0.0,0.13564193461724955,0.14577483002068883,0.0,0.19560826720314028,0.2549441407050601,0.1333495627140144,0.40485983064512815,0.3933771534500104,0.5645955005145384,0.7317613968913071,0.9049066867486567,1.0,0.9994217453118835,0.9702722487349112,0.9009939458816028,0.7519990808354775,0.6806564692060966,0.6493756569710792,0.5594829798090735,0.513942608854279,0.555718873883501,0.5239958249028026,0.45689378077233783,0.39837222815629564,0.2506206083687131,0.22512270025211828,0.24000096198131946,0.09670514825987685,0.15848396260070619,0.1744408746471646,0.11123036049328094,0.0,0.0,0.09996724804210436,0.118239276703069,0.09187974997942838,0.0,0.0,0.0,0.0,0.0,0.0,0.0,0.11845072939524552,0.1663910525422118,0.21519014387646004,0.2250773491342909,0.22946661624211104,0.35288543465241423,0.3970455067554383,0.41130066184282543,0.48257479456277413,0.5851262927490353,0.5493628058661679,0.7195123412343514,0.790587848795591,0.6443257804909307,0.9350259467279687,1.0,0.9531765317120866,0.7969465825223753,0.5453692504202342,0.33899651276841286,0.16576584167752162,0.2537816773820151,0.19762536896482272,0.17073583565917666,0.0,0.0,0.0,0.0,0.0,0.06762503647883976,0.07126931319423079,0.0,0.0,0.07345381471142802,0.07213619103456273,0.0,0.0,0.0
0.0,0.0,0.0,0.0,0.0,0.0,0.0679823002246666,0.0927589237801422,0.0,0.0,0.0,0.07586088063178427,0.08771859113386118,0.07361536757999529,0.10988765296890829,0.13343124456439048,0.20605353624593967,0.3699133636047369,0.5429333045306706,0.7467675420886847,0.9205657493987983,1.0,0.9850677783776282,0.8599933167465187,0.40475752977776974,0.5222686953285656,0.4057672044655288,0.20643247640798645,0.0,0.17098523612931588,0.20643883680658415,0.20000363366768859,0.16568821007496945,0.08197742850347993,0.0,0.0,0.09435193846940093,0.062382608983466564,0.0,0.0,0.0,0.0,0.0,0.0,0.0,0.0,0.0,0.0,0.0,0.0,0.0,0.0,0.0,0.0,0.0,0.0,0.11957895709767886,0.20817613891643516,0.18485172412621728,0.0,0.2362509767573656,0.2997512360287708,0.30456016959969584,0.4446565627010055,0.48714689849900394,0.7026674500600842,0.931605934444921,1.0,0.9551162341302264,0.7932636380836605,0.47665655557213027,0.24756227667881062,0.24399933254869685,0.1876847511712616,0.0,0.0,0.0,0.0,0.0,0.0,0.0,0.0,0.0,0.0,0.0,0.0,0.0,0.0,0.0,0.0
0.0,0.0,0.0,0.0,0.0,0.0,0.0,0.0,0.0,0.0,0.0,0.0,0.0,0.0,0.0,0.10038446402070048,0.1501634665264481,0.18207250168880487,0.18455886007104927,0.6043026034472714,0.8557276513071889,0.9755629899961861,1.0,0.9364895790685412,0.7774551876092136,0.5086842935774571,0.20677283579718647,0.12213628755119287,0.0,0.0,0.0,0.0,0.0,0.0,0.0,0.0,0.0,0.0,0.0,0.0,0.0,0.0,0.0,0.0,0.0,0.0,0.0,0.0,0.0,0.0,0.0,0.0,0.0,0.0,0.0,0.07389768221499224,0.06408701954874453,0.0,0.08127244041621429,0.06942078575271304,0.08224350763384389,0.17971765920948932,0.20743838485258012,0.2621001302071556,0.4794439655039721,0.7954874041231188,0.950614322489147,1.0,0.9538470261247844,0.804152006842608,0.5314595782919403,0.23797827424791515,0.0930306790650861,0.0,0.0,0.0,0.0,0.0,0.0,0.0,0.07033953807744572,0.0,0.0,0.0,0.0,0.0,0.0,0.0,0.0,0.0
0.0,0.0,0.07027180704581654,0.0,0.0,0.07061777091813252,0.09335054309084997,0.09894445446173492,0.08951123025979056,0.0,0.0,0.0,0.0,0.12874199378373177,0.13003243521085794,0.0,0.061403564797754245,0.13009963050497006,0.2173061166825369,0.6317880632056365,0.8536421494775775,0.9693760220438131,1.0,0.9481459168391122,0.8016502130435491,0.517953690170404,0.0852590844506783,0.0,0.0,0.07493819585237217,0.0,0.0,0.0,0.0,0.0,0.0,0.0,0.0,0.0,0.07517926642691267,0.05639533647401224,0.0,0.0,0.0,0.0,0.0,0.0,0.0,0.0,0.0,0.0,0.060213769766231766,0.07241369628076834,0.0,0.0,0.0,0.0,0.06518756501586769,0.0,0.0,0.19896806810946166,0.2953330864295305,0.28517984506995586,0.25198452551527517,0.462308486741771,0.7782740298220518,0.9435716117772983,1.0,0.9608442650928222,0.8210300822211345,0.5563367655997813,0.16934757389939836,0.1355433543814788,0.12049009891591357,0.0,0.0,0.0,0.0,0.0,0.0,0.0,0.0,0.0,0.0,0.0,0.0,0.06259194505624283,0.0,0.0,0.0
0.0,0.0,0.07466774265982581,0.06386860814203345,0.0,0.0,0.0,0.0,0.0,0.0,0.0,0.0,0.0,0.09043948191794503,0.09614137319746305,0.0,0.12916678728961165,0.19465858954762066,0.3808050427052284,0.6678372641116076,0.7425034204245813,0.8074105608309728,0.9837039426677444,1.0,0.9106676879325358,0.7220669425011874,0.504823656324097,0.2823544452411996,0.12992500609688634,0.07041097670018275,0.0,0.0,0.0,0.0,0.0,0.0,0.0,0.0,0.0,0.0,0.0,0.0,0.0,0.0,0.0,0.0,0.0,0.0,0.0,0.0,0.0,0.0,0.0,0.0,0.0,0.0,0.0,0.0,0.08248181936823545,0.14736505245080408,0.20951070316499135,0.2700696971613359,0.28814501548217153,0.3307485359737999,0.31612981378642496,0.7543402403101003,0.9391387272642266,1.0,0.9599659132372051,0.8158581995943567,0.5826644815604999,0.31164906417500293,0.08902918656281608,0.0,0.0,0.0,0.06566301429076071,0.0,0.0,0.0,0.0,0.0,0.0,0.0,0.07490704162664188,0.0,0.0,0.0,0.0,0.0
